import time: self [us] | cumulative | imported package
import time:       126 |        126 |   _io
import time:        19 |         19 |   marshal
import time:       159 |        159 |   posix
import time:       372 |        675 | _frozen_importlib_external
import time:       499 |        499 |   time
import time:       156 |        655 | zipimport
import time:        35 |         35 |     _codecs
import time:       407 |        441 |   codecs
import time:       800 |        800 |   encodings.aliases
import time:       774 |       2014 | encodings
import time:       287 |        287 | encodings.utf_8
import time:        67 |         67 | _signal
import time:        24 |         24 |     _abc
import time:       152 |        175 |   abc
import time:       120 |        294 | io
import time:        24 |         24 |       _stat
import time:        55 |         78 |     stat
import time:       526 |        526 |     _collections_abc
import time:        26 |         26 |       errno
import time:        47 |         47 |       genericpath
import time:        81 |        152 |     posixpath
import time:       312 |       1066 |   os
import time:        51 |         51 |   _sitebuiltins
import time:        66 |         66 |             itertools
import time:       231 |        231 |             keyword
import time:        43 |         43 |               _operator
import time:       263 |        305 |             operator
import time:       337 |        337 |             reprlib
import time:        35 |         35 |             _collections
import time:       636 |       1608 |           collections
import time:        29 |         29 |           _functools
import time:       658 |       2294 |         functools
import time:       308 |        308 |         types
import time:      1140 |       3740 |       enum
import time:        33 |         33 |         _sre
import time:       356 |        356 |           re._constants
import time:       453 |        808 |         re._parser
import time:       448 |        448 |         re._casefix
import time:       523 |       1811 |       re._compiler
import time:       274 |        274 |       copyreg
import time:       468 |       6292 |     re
import time:       776 |       7067 |   sitecustomize
import time:       888 |       9071 | site
import time:       317 |        317 | linecache
import time:       437 |        437 |   __future__
import time:       281 |        281 |   importlib
import time:       818 |        818 |   warnings
import time:       546 |        546 |             _json
import time:       444 |        990 |           json.scanner
import time:       424 |       1414 |         json.decoder
import time:       258 |        258 |         json.encoder
import time:       265 |       1936 |       json
import time:       685 |        685 |           textwrap
import time:       712 |        712 |           contextlib
import time:       440 |        440 |           _colorize
import time:       771 |       2606 |         traceback
import time:       432 |        432 |           _weakrefset
import time:       853 |       1284 |         weakref
import time:        22 |         22 |           _string
import time:       524 |        546 |         string
import time:       741 |        741 |         threading
import time:        22 |         22 |         atexit
import time:      1520 |       6717 |       logging
import time:       150 |        150 |             fnmatch
import time:       751 |        901 |           glob
import time:       641 |       1542 |         pathlib._abc
import time:        52 |         52 |             _winapi
import time:        51 |         51 |             nt
import time:        51 |         51 |             nt
import time:        43 |         43 |             nt
import time:        38 |         38 |             nt
import time:        36 |         36 |             nt
import time:        34 |         34 |             nt
import time:        37 |         37 |             nt
import time:      2658 |       2997 |           ntpath
import time:        22 |         22 |           pwd
import time:       392 |        392 |           grp
import time:       683 |       4093 |         pathlib._local
import time:       418 |       6052 |       pathlib
import time:        18 |         18 |             _typing
import time:      1664 |       1681 |           typing
import time:       198 |        198 |             transformers.dependency_versions_table
import time:       398 |        398 |                 packaging
import time:       309 |        309 |                   packaging._structures
import time:      2495 |       2804 |                 packaging.version
import time:        43 |         43 |                       _ast
import time:      1008 |       1051 |                     ast
import time:       392 |        392 |                         _opcode
import time:       205 |        205 |                         _opcode_metadata
import time:       242 |        838 |                       opcode
import time:       875 |       1712 |                     dis
import time:        42 |         42 |                     importlib.machinery
import time:       282 |        282 |                       token
import time:        21 |         21 |                       _tokenize
import time:       729 |       1032 |                     tokenize
import time:      1480 |       5315 |                   inspect
import time:       694 |        694 |                         unicodedata
import time:       892 |        892 |                         regex._regex
import time:      3477 |       5062 |                       regex._regex_core
import time:        45 |         45 |                         _locale
import time:       821 |        866 |                       locale
import time:        24 |         24 |                       regex.DEFAULT_VERSION
import time:       739 |       6689 |                     regex._main
import time:       229 |       6917 |                   regex
import time:       897 |        897 |                     _socket
import time:      1704 |       2600 |                   typing_extensions
import time:       413 |        413 |                   transformers.utils.doc
import time:       540 |        540 |                       math
import time:       365 |        365 |                         _bisect
import time:       244 |        608 |                       bisect
import time:       745 |        745 |                       _random
import time:       492 |       2384 |                     random
import time:       183 |        183 |                       copy
import time:       626 |        809 |                     dataclasses
import time:       619 |        619 |                       numpy.version
import time:       223 |        223 |                       numpy._expired_attrs_2_0
import time:       215 |        215 |                           numpy._utils._convertions
import time:       376 |        591 |                         numpy._utils
import time:       320 |        910 |                       numpy._globals
import time:        17 |         17 |                         numpy._distributor_init_local
import time:       225 |        241 |                       numpy._distributor_init
import time:       542 |        542 |                                   _datetime
import time:       209 |        750 |                                 datetime
import time:       315 |        315 |                                 numpy.exceptions
import time:       357 |        357 |                                 numpy._core._exceptions
import time:       576 |        576 |                                     _contextvars
import time:       401 |        977 |                                   contextvars
import time:       242 |       1219 |                                 numpy._core.printoptions
import time:      1736 |       1736 |                                 numpy.dtypes
import time:      3423 |       7798 |                               numpy._core._multiarray_umath
import time:       474 |        474 |                                 numpy._utils._inspect
import time:       332 |        806 |                               numpy._core.overrides
import time:      1320 |       9922 |                             numpy._core.multiarray
import time:       325 |        325 |                             numpy._core.umath
import time:       491 |        491 |                               numbers
import time:       306 |        306 |                               numpy._core._dtype
import time:       126 |        126 |                               numpy._core._string_helpers
import time:       259 |        259 |                               numpy._core._type_aliases
import time:       371 |       1551 |                             numpy._core.numerictypes
import time:       553 |        553 |                                           _struct
import time:       249 |        802 |                                         struct
import time:       325 |        325 |                                         _compat_pickle
import time:       544 |        544 |                                         _pickle
import time:       793 |       2463 |                                       pickle
import time:       420 |       2882 |                                     numpy._core._methods
import time:       830 |       3711 |                                   numpy._core.fromnumeric
import time:       387 |       4097 |                                 numpy._core.shape_base
import time:       300 |        300 |                                 numpy._core._ufunc_config
import time:       200 |        200 |                                 numpy._core._asarray
import time:       536 |        536 |                                 numpy._core.arrayprint
import time:       690 |       5821 |                               numpy._core.numeric
import time:       433 |       6253 |                             numpy._core.einsumfunc
import time:       380 |        380 |                             numpy._core.function_base
import time:       348 |        348 |                             numpy._core.getlimits
import time:       402 |        402 |                             numpy._core.memmap
import time:       383 |        383 |                             numpy._core.records
import time:      3635 |       3635 |                             numpy._core._add_newdocs
import time:       677 |        677 |                             numpy._core._add_newdocs_scalars
import time:       240 |        240 |                             numpy._core._dtype_ctypes
import time:       746 |        746 |                                 _ctypes
import time:       345 |        345 |                                 ctypes._endian
import time:       871 |       1961 |                               ctypes
import time:       753 |       2713 |                             numpy._core._internal
import time:       278 |        278 |                             numpy._pytesttester
import time:       518 |      27617 |                           numpy._core
import time:        16 |      27632 |                         numpy._core._multiarray_umath
import time:       704 |      28336 |                       numpy.__config__
import time:       177 |        177 |                                         numpy._typing._nbit_base
import time:       173 |        173 |                                         numpy._typing._nested_sequence
import time:        95 |         95 |                                         numpy._typing._shape
import time:      1281 |       1724 |                                       numpy._typing._array_like
import time:      1341 |       1341 |                                       numpy._typing._char_codes
import time:      1385 |       1385 |                                       numpy._typing._dtype_like
import time:       318 |        318 |                                       numpy._typing._nbit
import time:       123 |        123 |                                       numpy._typing._scalars
import time:        91 |         91 |                                       numpy._typing._ufunc
import time:       292 |       5271 |                                     numpy._typing
import time:       313 |        313 |                                       numpy.lib._stride_tricks_impl
import time:       390 |        703 |                                     numpy.lib._twodim_base_impl
import time:       107 |        107 |                                       numpy.lib._array_utils_impl
import time:       112 |        218 |                                     numpy.lib.array_utils
import time:      1236 |       1236 |                                     numpy.linalg._umath_linalg
import time:      1226 |       8652 |                                   numpy.linalg._linalg
import time:       255 |       8906 |                                 numpy.linalg
import time:       489 |       9394 |                               numpy.matrixlib.defmatrix
import time:       225 |       9618 |                             numpy.matrixlib
import time:       587 |        587 |                               numpy.lib._histograms_impl
import time:       839 |       1425 |                             numpy.lib._function_base_impl
import time:       417 |      11459 |                           numpy.lib._index_tricks_impl
import time:       520 |      11979 |                         numpy.lib._arraypad_impl
import time:       569 |        569 |                         numpy.lib._arraysetops_impl
import time:       267 |        267 |                         numpy.lib._arrayterator_impl
import time:       404 |        404 |                         numpy.lib._nanfunctions_impl
import time:        65 |         65 |                                   _wmi
import time:       630 |        694 |                                 platform
import time:       326 |       1019 |                               numpy.lib._utils_impl
import time:       298 |       1317 |                             numpy.lib._format_impl
import time:       178 |       1494 |                           numpy.lib.format
import time:       437 |        437 |                           numpy.lib._datasource
import time:       376 |        376 |                           numpy.lib._iotools
import time:       734 |       3040 |                         numpy.lib._npyio_impl
import time:       170 |        170 |                             numpy.lib._ufunclike_impl
import time:       345 |        514 |                           numpy.lib._type_check_impl
import time:       659 |       1173 |                         numpy.lib._polynomial_impl
import time:       344 |        344 |                         numpy.lib._shape_base_impl
import time:       208 |        208 |                         numpy.lib._version
import time:       257 |        257 |                         numpy.lib.introspect
import time:       142 |        142 |                         numpy.lib.mixins
import time:       199 |        199 |                         numpy.lib.npyio
import time:       339 |        339 |                           numpy.lib._scimath_impl
import time:       896 |       1235 |                         numpy.lib.scimath
import time:       172 |        172 |                         numpy.lib.stride_tricks
import time:       349 |      20331 |                       numpy.lib
import time:       343 |        343 |                       numpy._array_api_info
import time:      1389 |      52388 |                     numpy
import time:       436 |        436 |                         huggingface_hub
import time:       264 |        264 |                             httpx.__version__
import time:      2948 |       2948 |                                     _hashlib
import time:       544 |        544 |                                     _blake2
import time:       379 |       3869 |                                   hashlib
import time:       540 |        540 |                                     binascii
import time:       464 |       1003 |                                   base64
import time:       450 |        450 |                                     urllib
import time:       260 |        260 |                                     email
import time:       677 |        677 |                                       http
import time:       458 |        458 |                                           email.errors
import time:       302 |        302 |                                               email.quoprimime
import time:       220 |        220 |                                               email.base64mime
import time:       186 |        186 |                                                   quopri
import time:       176 |        362 |                                                 email.encoders
import time:       242 |        603 |                                               email.charset
import time:       507 |       1630 |                                             email.header
import time:      1029 |       1029 |                                                 ipaddress
import time:       841 |       1870 |                                               urllib.parse
import time:       290 |        290 |                                               email._parseaddr
import time:       431 |       2590 |                                             email.utils
import time:       338 |       4557 |                                           email._policybase
import time:       454 |       5468 |                                         email.feedparser
import time:       574 |       6042 |                                       email.parser
import time:       305 |        305 |                                         email._encoded_words
import time:       209 |        209 |                                         email.iterators
import time:      1833 |       2347 |                                       email.message
import time:       918 |        918 |                                           select
import time:       522 |       1440 |                                         selectors
import time:       618 |        618 |                                         array
import time:       988 |       3045 |                                       socket
import time:      1613 |       1613 |                                         _ssl
import time:      1296 |       2909 |                                       ssl
import time:      1123 |      16139 |                                     http.client
import time:       695 |        695 |                                         zlib
import time:       286 |        286 |                                           _compression
import time:       601 |        601 |                                           _bz2
import time:       337 |       1223 |                                         bz2
import time:      1067 |       1067 |                                           _lzma
import time:       264 |       1330 |                                         lzma
import time:       683 |       3928 |                                       shutil
import time:       548 |       4476 |                                     tempfile
import time:       267 |        267 |                                       urllib.response
import time:       291 |        558 |                                     urllib.error
import time:       822 |        822 |                                     _scproxy
import time:      2679 |      25382 |                                   urllib.request
import time:       744 |        744 |                                   httpx._exceptions
import time:       703 |        703 |                                       calendar
import time:      1611 |       2314 |                                     http.cookiejar
import time:        47 |         47 |                                           _winapi
import time:        39 |         39 |                                           winreg
import time:       470 |        555 |                                         mimetypes
import time:       841 |        841 |                                         httpx._types
import time:       331 |        331 |                                         httpx._utils
import time:       474 |       2200 |                                       httpx._multipart
import time:       378 |       2578 |                                     httpx._content
import time:       116 |        116 |                                       brotli
import time:        60 |         60 |                                       brotlicffi
import time:        53 |         53 |                                       zstandard
import time:       485 |        712 |                                     httpx._decoders
import time:       844 |        844 |                                     httpx._status_codes
import time:       467 |        467 |                                           idna.idnadata
import time:       679 |        679 |                                           idna.intranges
import time:       951 |       2095 |                                         idna.core
import time:       273 |        273 |                                         idna.package_data
import time:       318 |       2685 |                                       idna
import time:      1270 |       1270 |                                       httpx._urlparse
import time:       619 |       4572 |                                     httpx._urls
import time:       732 |      11750 |                                   httpx._models
import time:       453 |      43199 |                                 httpx._auth
import time:       322 |        322 |                                 httpx._config
import time:       282 |        282 |                                       httpx._transports.base
import time:       432 |        714 |                                     httpx._transports.asgi
import time:       435 |        435 |                                     httpx._transports.default
import time:       306 |        306 |                                     httpx._transports.mock
import time:       482 |        482 |                                     httpx._transports.wsgi
import time:       148 |       2083 |                                   httpx._transports
import time:        15 |       2097 |                                 httpx._transports.base
import time:       762 |      46378 |                               httpx._client
import time:      1275 |      47653 |                             httpx._api
import time:       683 |        683 |                                   gettext
import time:       923 |        923 |                                       _uuid
import time:       451 |       1373 |                                     uuid
import time:       398 |        398 |                                     click._compat
import time:       255 |        255 |                                       click.globals
import time:       314 |        314 |                                       click.utils
import time:       645 |       1213 |                                     click.exceptions
import time:      1311 |       4294 |                                   click.types
import time:       377 |        377 |                                   click._utils
import time:       353 |        353 |                                     click.parser
import time:       369 |        721 |                                   click.formatting
import time:       390 |        390 |                                   click.termui
import time:      1064 |       7525 |                                 click.core
import time:       343 |        343 |                                 click.decorators
import time:       329 |       8197 |                               click
import time:       269 |        269 |                                 pygments
import time:      1622 |       1622 |                                 pygments.lexers._mapping
import time:       460 |        460 |                                 pygments.modeline
import time:       225 |        225 |                                         importlib._abc
import time:       106 |        331 |                                       importlib.util
import time:       371 |        371 |                                         zipfile._path.glob
import time:       529 |        900 |                                       zipfile._path
import time:       887 |       2117 |                                     zipfile
import time:       272 |        272 |                                     importlib.metadata._meta
import time:       336 |        336 |                                     importlib.metadata._collections
import time:       622 |        622 |                                     importlib.metadata._functools
import time:       146 |        146 |                                     importlib.metadata._itertools
import time:       353 |        353 |                                           importlib.resources.abc
import time:       583 |        936 |                                         importlib.resources._common
import time:       115 |        115 |                                         importlib.resources._functional
import time:       102 |       1151 |                                       importlib.resources
import time:       368 |       1518 |                                     importlib.abc
import time:      1536 |       6545 |                                   importlib.metadata
import time:       250 |       6794 |                                 pygments.plugin
import time:       766 |        766 |                                 pygments.util
import time:       717 |      10626 |                               pygments.lexers
import time:       585 |        585 |                                   rich._extension
import time:       533 |       1118 |                                 rich
import time:       499 |        499 |                                 rich._null_file
import time:       316 |        316 |                                 rich.errors
import time:       233 |        233 |                                         colorsys
import time:       464 |        464 |                                             rich.color_triplet
import time:       303 |        767 |                                           rich.palette
import time:       220 |        986 |                                         rich._palettes
import time:       230 |        230 |                                         rich.repr
import time:       151 |        151 |                                         rich.terminal_theme
import time:       890 |       2488 |                                       rich.color
import time:       666 |       3154 |                                     rich.style
import time:      1114 |       4267 |                                   rich.default_styles
import time:       218 |        218 |                                   rich.theme
import time:       247 |       4731 |                                 rich.themes
import time:       242 |        242 |                                 rich._emoji_replace
import time:        92 |         92 |                                 rich._export_format
import time:        88 |         88 |                                 rich._fileno
import time:       317 |        317 |                                     rich._loop
import time:       106 |        106 |                                     rich._pick
import time:       226 |        226 |                                           rich._unicode_data._versions
import time:       138 |        363 |                                         rich._unicode_data
import time:       474 |        836 |                                       rich.cells
import time:       144 |        980 |                                     rich._wrap
import time:       821 |        821 |                                           rich.segment
import time:       259 |       1080 |                                         rich.jupyter
import time:       189 |        189 |                                           rich.protocol
import time:       555 |        744 |                                         rich.measure
import time:       221 |       2044 |                                       rich.constrain
import time:       443 |       2486 |                                     rich.align
import time:       454 |        454 |                                     rich.containers
import time:       321 |        321 |                                     rich.control
import time:       250 |        250 |                                     rich.emoji
import time:       999 |       5910 |                                   rich.text
import time:       343 |       6252 |                                 rich._log_render
import time:       402 |        402 |                                 rich.highlighter
import time:       686 |        686 |                                 rich.markup
import time:       222 |        222 |                                 rich.pager
import time:       246 |        246 |                                 rich.region
import time:       214 |        214 |                                 rich.screen
import time:       779 |        779 |                                 rich.styled
import time:      2020 |      17899 |                               rich.console
import time:       853 |        853 |                                 mmap
import time:       247 |        247 |                                 rich.filesize
import time:       579 |        579 |                                     rich.ansi
import time:       285 |        863 |                                   rich.file_proxy
import time:       353 |        353 |                                   rich.live_render
import time:       450 |       1665 |                                 rich.live
import time:       269 |        269 |                                 rich.progress_bar
import time:       321 |        321 |                                   rich._spinners
import time:       338 |        338 |                                     rich.box
import time:      1593 |       1593 |                                           _decimal
import time:       227 |       1820 |                                         decimal
import time:      1064 |       2883 |                                       fractions
import time:       388 |       3271 |                                     rich._ratio
import time:       489 |        489 |                                     rich.padding
import time:      1515 |       5612 |                                   rich.table
import time:       252 |       6184 |                                 rich.spinner
import time:      1376 |      10592 |                               rich.progress
import time:       280 |        280 |                                   pygments.filter
import time:       337 |        337 |                                     pygments.token
import time:       693 |       1030 |                                   pygments.filters
import time:       310 |        310 |                                   pygments.regexopt
import time:       613 |       2231 |                                 pygments.lexer
import time:       379 |        379 |                                 pygments.style
import time:       602 |        602 |                                   pygments.styles._mapping
import time:       209 |        811 |                                 pygments.styles
import time:       750 |       4171 |                               rich.syntax
import time:       608 |      52090 |                             httpx._main
import time:       405 |     100410 |                           httpx
import time:       735 |     101144 |                         huggingface_hub.errors
import time:       413 |        413 |                               tqdm._monitor
import time:       183 |        183 |                               tqdm._tqdm_pandas
import time:       841 |        841 |                                   tqdm.utils
import time:      1513 |       2354 |                                 tqdm.std
import time:       300 |        300 |                                     importlib.metadata._text
import time:       395 |        694 |                                   importlib.metadata._adapters
import time:      5669 |       6363 |                                 tqdm.version
import time:       408 |       9123 |                               tqdm.cli
import time:       382 |        382 |                               tqdm.gui
import time:       363 |      10463 |                             tqdm
import time:       255 |        255 |                             tqdm.autonotebook
import time:       274 |        274 |                                     concurrent
import time:       661 |        661 |                                     concurrent.futures._base
import time:       379 |       1313 |                                   concurrent.futures
import time:      1038 |       1038 |                                     _heapq
import time:       344 |       1382 |                                   heapq
import time:       492 |        492 |                                     signal
import time:       910 |        910 |                                     fcntl
import time:        45 |         45 |                                     msvcrt
import time:       960 |        960 |                                     _posixsubprocess
import time:       694 |       3099 |                                   subprocess
import time:       426 |        426 |                                   asyncio.constants
import time:       237 |        237 |                                   asyncio.coroutines
import time:       253 |        253 |                                     asyncio.format_helpers
import time:       225 |        225 |                                       asyncio.base_futures
import time:       277 |        277 |                                       asyncio.exceptions
import time:       252 |        252 |                                       asyncio.base_tasks
import time:       835 |       1587 |                                     _asyncio
import time:       769 |       2608 |                                   asyncio.events
import time:       396 |        396 |                                   asyncio.futures
import time:       281 |        281 |                                   asyncio.protocols
import time:       306 |        306 |                                     asyncio.transports
import time:        88 |         88 |                                     asyncio.log
import time:       539 |        933 |                                   asyncio.sslproto
import time:      2056 |       2056 |                                       asyncio.mixins
import time:       457 |       2513 |                                     asyncio.locks
import time:       346 |        346 |                                       asyncio.queues
import time:       421 |        421 |                                       asyncio.timeouts
import time:       503 |       1269 |                                     asyncio.tasks
import time:       297 |       4079 |                                   asyncio.staggered
import time:       317 |        317 |                                   asyncio.trsock
import time:       937 |      16000 |                                 asyncio.base_events
import time:       629 |        629 |                                 asyncio.runners
import time:       575 |        575 |                                 asyncio.streams
import time:       813 |        813 |                                 asyncio.subprocess
import time:       800 |        800 |                                 asyncio.taskgroups
import time:       644 |        644 |                                 asyncio.threads
import time:       308 |        308 |                                   asyncio.base_subprocess
import time:       543 |        543 |                                   asyncio.selector_events
import time:       837 |       1687 |                                 asyncio.unix_events
import time:       366 |      21511 |                               asyncio
import time:       212 |      21722 |                             tqdm.asyncio
import time:       320 |      32759 |                           tqdm.auto
import time:       478 |        478 |                           huggingface_hub.constants
import time:       544 |      33780 |                         huggingface_hub.utils.tqdm
import time:      1595 |       1595 |                           configparser
import time:      7027 |       7027 |                           huggingface_hub.utils._runtime
import time:       313 |       8933 |                         huggingface_hub.utils._auth
import time:       361 |        361 |                         huggingface_hub.utils._cache_assets
import time:       293 |        293 |                           huggingface_hub.utils.logging
import time:       665 |        665 |                           huggingface_hub.utils._parsing
import time:       260 |        260 |                             huggingface_hub.utils._detect_agent
import time:       162 |        421 |                           huggingface_hub.utils._terminal
import time:      2218 |       3595 |                         huggingface_hub.utils._cache_manager
import time:       205 |        205 |                         huggingface_hub.utils._chunk_utils
import time:       265 |        265 |                         huggingface_hub.utils._datetime
import time:       618 |        618 |                         huggingface_hub.utils._experimental
import time:       327 |        327 |                             yaml.error
import time:       441 |        441 |                             yaml.tokens
import time:       368 |        368 |                             yaml.events
import time:       241 |        241 |                             yaml.nodes
import time:      3554 |       3554 |                               yaml.reader
import time:       511 |        511 |                               yaml.scanner
import time:       468 |        468 |                               yaml.parser
import time:       320 |        320 |                               yaml.composer
import time:       821 |        821 |                               yaml.constructor
import time:      1230 |       1230 |                               yaml.resolver
import time:       462 |       7363 |                             yaml.loader
import time:       628 |        628 |                               yaml.emitter
import time:       398 |        398 |                               yaml.serializer
import time:       376 |        376 |                               yaml.representer
import time:       274 |       1674 |                             yaml.dumper
import time:      1043 |       1043 |                               yaml._yaml
import time:       361 |       1404 |                             yaml.cyaml
import time:       440 |      12254 |                           yaml
import time:       286 |        286 |                               filelock._error
import time:      1053 |       1338 |                             filelock._api
import time:       833 |        833 |                                   _queue
import time:       350 |       1182 |                                 queue
import time:       341 |       1523 |                               concurrent.futures.thread
import time:      1659 |       1659 |                                     _sqlite3
import time:       473 |       2131 |                                   sqlite3.dbapi2
import time:       226 |       2357 |                                 sqlite3
import time:       342 |       2699 |                               filelock._read_write
import time:       247 |       4468 |                             filelock._async_read_write
import time:       211 |        211 |                               filelock._util
import time:       283 |        493 |                             filelock._soft
import time:       374 |        374 |                                   hmac
import time:       358 |        358 |                                   secrets
import time:      1955 |       2686 |                                 filelock._soft_rw._sync
import time:       387 |       3073 |                               filelock._soft_rw._async
import time:       197 |       3269 |                             filelock._soft_rw
import time:       417 |        417 |                             filelock._unix
import time:       223 |        223 |                             filelock._windows
import time:      1309 |       1309 |                             filelock.asyncio
import time:       123 |        123 |                             filelock.version
import time:       289 |      11926 |                           filelock
import time:       283 |      24463 |                         huggingface_hub.utils._fixes
import time:       220 |        220 |                           huggingface_hub.utils._subprocess
import time:       392 |        611 |                         huggingface_hub.utils._git_credential
import time:       128 |        128 |                             huggingface_hub.utils._typing
import time:       348 |        475 |                           huggingface_hub.utils._validators
import time:       737 |       1211 |                         huggingface_hub.utils._headers
import time:      1277 |       1277 |                         huggingface_hub.utils._hf_uris
import time:       406 |        406 |                           shlex
import time:       163 |        163 |                           huggingface_hub.utils._lfs
import time:      1457 |       2026 |                         huggingface_hub.utils._http
import time:       417 |        417 |                         huggingface_hub.utils._pagination
import time:       294 |        294 |                         huggingface_hub.utils._paths
import time:       742 |        742 |                         huggingface_hub.utils._safetensors
import time:       300 |        300 |                         huggingface_hub.utils._telemetry
import time:      1397 |       1397 |                         huggingface_hub.utils._xet
import time:       473 |     182541 |                       huggingface_hub.utils
import time:       604 |        604 |                       transformers._typing
import time:       383 |     183527 |                     transformers.utils.logging
import time:       905 |        905 |                         _csv
import time:       439 |       1344 |                       csv
import time:    395302 |     396645 |                     transformers.utils.import_utils
import time:      1681 |     637431 |                   transformers.utils.generic
import time:      2831 |     655504 |                 transformers.utils.auto_docstring
import time:       418 |        418 |                     jinja2.bccache
import time:      1158 |       1158 |                         markupsafe._speedups
import time:       496 |       1654 |                       markupsafe
import time:      1414 |       1414 |                         jinja2.utils
import time:      1565 |       2979 |                       jinja2.nodes
import time:       440 |        440 |                         jinja2.exceptions
import time:       225 |        225 |                           jinja2.visitor
import time:       470 |        694 |                         jinja2.idtracking
import time:       191 |        191 |                         jinja2.optimizer
import time:       961 |       2284 |                       jinja2.compiler
import time:       296 |        296 |                           jinja2.async_utils
import time:      1248 |       1248 |                           jinja2.runtime
import time:      1544 |       3088 |                         jinja2.filters
import time:       510 |        510 |                         jinja2.tests
import time:       287 |       3884 |                       jinja2.defaults
import time:       586 |        586 |                         jinja2._identifier
import time:      1162 |       1747 |                       jinja2.lexer
import time:       615 |        615 |                       jinja2.parser
import time:      1151 |      14310 |                     jinja2.environment
import time:       587 |        587 |                     jinja2.loaders
import time:       272 |      15586 |                   jinja2
import time:       473 |        473 |                     pprint
import time:       731 |       1204 |                   jinja2.ext
import time:       462 |        462 |                   jinja2.meta
import time:       388 |        388 |                   jinja2.sandbox
import time:       325 |        325 |                       PIL._version
import time:       255 |        579 |                     PIL
import time:      2512 |       2512 |                     PIL.ExifTags
import time:       485 |        485 |                     PIL.ImageMode
import time:       552 |        552 |                     PIL.TiffTags
import time:       235 |        235 |                     PIL._binary
import time:       258 |        258 |                     PIL._deprecate
import time:       624 |        624 |                     PIL._util
import time:        57 |         57 |                     defusedxml
import time:      2903 |       2903 |                     PIL._imaging
import time:      1603 |       9806 |                   PIL.Image
import time:       942 |      28385 |                 transformers.utils.chat_template_utils
import time:       286 |        286 |                 transformers.utils.constants
import time:      1517 |       1517 |                   huggingface_hub._local_folder
import time:       206 |        206 |                     huggingface_hub.utils.insecure_hashlib
import time:       261 |        467 |                   huggingface_hub.utils.sha
import time:       884 |        884 |                       httpcore._models
import time:       122 |        122 |                               httpcore._backends
import time:       294 |        294 |                               httpcore._exceptions
import time:       107 |        107 |                               httpcore._utils
import time:       282 |        282 |                               httpcore._backends.base
import time:       475 |       1277 |                             httpcore._backends.sync
import time:       163 |        163 |                                 certifi.core
import time:       141 |        304 |                               certifi
import time:        99 |        402 |                             httpcore._ssl
import time:        46 |         46 |                               trio
import time:       330 |        330 |                                   anyio._core
import time:       458 |        787 |                                 anyio._core._contextmanagers
import time:       360 |        360 |                                   anyio._core._exceptions
import time:       303 |        303 |                                     sniffio._version
import time:       654 |        654 |                                     sniffio._impl
import time:       334 |       1291 |                                   sniffio
import time:       328 |       1977 |                                 anyio._core._eventloop
import time:       420 |        420 |                                       anyio.abc._eventloop
import time:       234 |        234 |                                       anyio.abc._resources
import time:       200 |        200 |                                         anyio._core._typedattr
import time:       254 |        254 |                                           anyio.abc._tasks
import time:       693 |        946 |                                         anyio.abc._streams
import time:       476 |       1620 |                                       anyio.abc._sockets
import time:       308 |        308 |                                       anyio.abc._subprocesses
import time:       248 |        248 |                                       anyio.abc._testing
import time:       624 |        624 |                                         anyio.lowlevel
import time:       323 |        323 |                                         anyio._core._tasks
import time:       224 |        224 |                                         anyio._core._testing
import time:      1848 |       3017 |                                       anyio._core._synchronization
import time:       846 |        846 |                                       anyio.from_thread
import time:       333 |       7023 |                                     anyio.abc
import time:       268 |       7290 |                                   anyio.to_thread
import time:       826 |       8116 |                                 anyio._core._fileio
import time:       285 |        285 |                                 anyio._core._resources
import time:       249 |        249 |                                 anyio._core._signals
import time:       202 |        202 |                                     anyio.streams
import time:      1262 |       1463 |                                   anyio.streams.stapled
import time:       770 |        770 |                                   anyio.streams.tls
import time:       814 |       3045 |                                 anyio._core._sockets
import time:      1189 |       1189 |                                   anyio.streams.memory
import time:       311 |       1500 |                                 anyio._core._streams
import time:       295 |        295 |                                 anyio._core._subprocesses
import time:       475 |        475 |                                 anyio._core._tempfile
import time:       361 |      17085 |                               anyio
import time:       334 |      17463 |                             httpcore._synchronization
import time:       259 |        259 |                             httpcore._trace
import time:       162 |        162 |                                     h11._abnf
import time:       261 |        261 |                                       h11._util
import time:       471 |        732 |                                     h11._headers
import time:      1792 |       2685 |                                   h11._events
import time:       191 |        191 |                                     h11._receivebuffer
import time:       592 |        592 |                                     h11._state
import time:       741 |       1522 |                                   h11._readers
import time:       262 |        262 |                                   h11._writers
import time:       685 |       5152 |                                 h11._connection
import time:       319 |        319 |                                 h11._version
import time:       257 |       5727 |                               h11
import time:       274 |        274 |                               httpcore._sync.interfaces
import time:       445 |       6445 |                             httpcore._sync.http11
import time:       369 |      26213 |                           httpcore._sync.connection
import time:       368 |        368 |                           httpcore._sync.connection_pool
import time:       344 |        344 |                           httpcore._sync.http_proxy
import time:        57 |         57 |                               h2
import time:        13 |         69 |                             h2.config
import time:       337 |        405 |                           httpcore._sync.http2
import time:        49 |         49 |                             socksio
import time:       341 |        389 |                           httpcore._sync.socks_proxy
import time:       180 |      27897 |                         httpcore._sync
import time:        15 |      27912 |                       httpcore._sync.connection_pool
import time:       286 |      29081 |                     httpcore._api
import time:       196 |        196 |                         httpcore._backends.auto
import time:       123 |        123 |                           httpcore._async.interfaces
import time:       375 |        498 |                         httpcore._async.http11
import time:       223 |        916 |                       httpcore._async.connection
import time:       292 |        292 |                       httpcore._async.connection_pool
import time:       303 |        303 |                       httpcore._async.http_proxy
import time:        45 |         45 |                           h2
import time:        20 |         65 |                         h2.config
import time:       325 |        389 |                       httpcore._async.http2
import time:        40 |         40 |                         socksio
import time:       242 |        282 |                       httpcore._async.socks_proxy
import time:       274 |       2453 |                     httpcore._async
import time:       167 |        167 |                     httpcore._backends.mock
import time:       143 |        143 |                     httpcore._backends.anyio
import time:        42 |         42 |                       trio
import time:       121 |        163 |                     httpcore._backends.trio
import time:       374 |      32379 |                   httpcore
import time:       272 |        272 |                     tqdm.contrib
import time:       309 |        581 |                   tqdm.contrib.concurrent
import time:      3212 |       3212 |                   huggingface_hub._buckets
import time:       573 |        573 |                     huggingface_hub.lfs
import time:      1172 |       1744 |                   huggingface_hub._commit_api
import time:       783 |        783 |                   huggingface_hub._dataset_viewer
import time:       556 |        556 |                   huggingface_hub._eval_results
import time:       793 |        793 |                   huggingface_hub._inference_endpoints
import time:      1852 |       1852 |                     huggingface_hub._space_api
import time:      2793 |       4645 |                   huggingface_hub._jobs_api
import time:       691 |        691 |                   huggingface_hub._upload_large_folder
import time:      1938 |       1938 |                   huggingface_hub.community
import time:       966 |        966 |                   huggingface_hub.repocard_data
import time:       169 |        169 |                   huggingface_hub.utils._deprecation
import time:       612 |        612 |                   huggingface_hub.utils._verification
import time:       223 |        223 |                   huggingface_hub.utils.endpoint_helpers
import time:     14472 |      65738 |                 transformers.utils.hub
import time:       329 |        329 |                 transformers.utils.kernel_config
import time:       261 |        261 |                 transformers.utils.peft_utils
import time:       506 |     754208 |               transformers.utils
import time:       248 |     754456 |             transformers.utils.versions
import time:      5950 |     760603 |           transformers.dependency_versions_check
import time:       200 |        200 |           transformers.utils.dummy_sentencepiece_and_tokenizers_objects
import time:       250 |        250 |           transformers.utils.dummy_mistral_common_objects
import time:       430 |        430 |           transformers.utils.dummy_torchvision_objects
import time:    265162 |    1028324 |         transformers
import time:       446 |        446 |         huggingface_hub.dataclasses
import time:       376 |        376 |           filecmp
import time:       522 |        898 |         transformers.dynamic_module_utils
import time:       377 |        377 |           transformers.generation
import time:      1381 |       1381 |               torch._utils
import time:       207 |        207 |                   torch._strobelight
import time:        33 |         33 |                       gc
import time:       319 |        351 |                     timeit
import time:       354 |        705 |                   torch._strobelight.cli_function_profiler
import time:       472 |       1383 |                 torch._strobelight.compile_time_profiler
import time:       371 |       1754 |               torch._utils_internal
import time:       194 |        194 |                     torch._vendor
import time:       379 |        572 |                   torch._vendor.packaging
import time:       494 |        494 |                   torch._vendor.packaging._structures
import time:       675 |       1741 |                 torch._vendor.packaging.version
import time:       245 |        245 |                 torch.version
import time:       279 |       2264 |               torch.torch_version
import time:        22 |         22 |               torch._rocm_init
import time:       443 |        443 |                 torch._opaque_base
import time:    107360 |     107803 |               torch._C
import time:       297 |        297 |                 torch._namedtensor_internals
import time:      1137 |       1137 |                 torch.overrides
import time:       809 |       2242 |               torch._tensor
import time:       426 |        426 |                 torch.types
import time:      2220 |       2645 |               torch.storage
import time:       616 |        616 |                 torch.amp.autocast_mode
import time:       420 |        420 |                 torch.amp.grad_scaler
import time:       378 |       1414 |               torch.amp
import time:       372 |        372 |               torch.random
import time:      1240 |       1240 |                 difflib
import time:      1244 |       1244 |                 tarfile
import time:       450 |        450 |                 torch._weights_only_unpickler
import time:       431 |        431 |                 torch._sources
import time:       955 |       4318 |               torch.serialization
import time:       695 |        695 |               torch._tensor_str
import time:       372 |        372 |                 torch.cuda._device_limits
import time:       337 |        337 |                 torch.cuda.gds
import time:        59 |         59 |                     cuda
import time:        13 |         71 |                   cuda.bindings
import time:       350 |        421 |                 torch.cuda._utils
import time:       711 |        711 |                 torch.cuda.graphs
import time:       243 |        243 |                 torch.cuda.green_contexts
import time:       280 |        280 |                 torch.cuda.streams
import time:        46 |         46 |                 pynvml
import time:       334 |        334 |                   torch.cuda._memory_viz
import time:       597 |        931 |                 torch.cuda.memory
import time:       279 |        279 |                 torch.cuda.random
import time:       431 |        431 |                   torch.cuda.amp.autocast_mode
import time:       196 |        196 |                   torch.cuda.amp.common
import time:       369 |        369 |                   torch.cuda.amp.grad_scaler
import time:       231 |       1225 |                 torch.cuda.amp
import time:       242 |        242 |                 torch.cuda.jiterator
import time:       324 |        324 |                 torch.cuda.nvtx
import time:       341 |        341 |                 torch.cuda.profiler
import time:       162 |        162 |                 torch.cuda.sparse
import time:       403 |        403 |                       multiprocessing.process
import time:       292 |        292 |                       multiprocessing.reduction
import time:       604 |       1298 |                     multiprocessing.context
import time:       505 |       1802 |                   multiprocessing
import time:      1292 |       3093 |                 torch.cuda.tunable
import time:      6038 |      15036 |               torch.cuda
import time:       250 |        250 |                   torch.sparse._semi_structured_conversions
import time:       268 |        268 |                   torch.sparse._semi_structured_ops
import time:       705 |       1222 |                 torch.sparse.semi_structured
import time:       357 |       1579 |               torch.sparse
import time:       279 |        279 |               torch._compile
import time:       144 |        144 |               torch._VF
import time:       667 |        667 |                     torch.nn.parameter
import time:       913 |        913 |                         torch._prims_common
import time:       404 |        404 |                             torch.utils.backcompat
import time:       573 |        573 |                             torch.utils.collect_env
import time:       203 |        203 |                                           torch.distributed._pycute.typing
import time:       671 |        874 |                                         torch.distributed._pycute.int_tuple
import time:       335 |        335 |                                         torch.distributed._pycute.layout
import time:       132 |       1339 |                                       torch.distributed._pycute
import time:       734 |       2073 |                                     torch.distributed._mesh_layout
import time:       171 |        171 |                                     torch.utils._typing_utils
import time:       293 |        293 |                                             unittest.util
import time:       531 |        824 |                                           unittest.result
import time:       783 |        783 |                                           unittest.case
import time:       341 |        341 |                                           unittest.suite
import time:       474 |        474 |                                           unittest.loader
import time:       945 |        945 |                                             argparse
import time:       196 |        196 |                                               unittest.signals
import time:       345 |        541 |                                             unittest.runner
import time:       301 |       1785 |                                           unittest.main
import time:       239 |       4443 |                                         unittest
import time:      1180 |       5622 |                                       torch.utils._config_module
import time:       474 |       6096 |                                     torch.distributed.config
import time:       313 |        313 |                                       torch.monitor
import time:       160 |        160 |                                         torch.distributed.logging_handlers
import time:       392 |        551 |                                       torch.distributed.c10d_logger
import time:       208 |        208 |                                       torch.distributed.constants
import time:       298 |        298 |                                       torch.distributed.rendezvous
import time:        49 |         49 |                                         torchcomms
import time:        10 |         59 |                                       torchcomms._comms
import time:        35 |         35 |                                         torchcomms
import time:         8 |         43 |                                       torchcomms._backend_wrapper
import time:      1363 |       2833 |                                     torch.distributed.distributed_c10d
import time:       784 |      11956 |                                   torch.distributed.device_mesh
import time:       303 |        303 |                                   torch.distributed.remote_device
import time:      2496 |      14754 |                                 torch.distributed
import time:       311 |        311 |                                                 torch.utils.data.datapipes._hook_iterator
import time:       365 |        675 |                                               torch.utils.data.datapipes._typing
import time:       174 |        174 |                                                 torch.utils._import_utils
import time:       158 |        158 |                                                   torch.utils.data.datapipes.utils
import time:       393 |        550 |                                                 torch.utils.data.datapipes.utils.common
import time:       724 |        724 |                                                 torch.utils.data.dataset
import time:       491 |       1937 |                                               torch.utils.data.datapipes.datapipe
import time:       294 |       2906 |                                             torch.utils.data.datapipes._decorator
import time:       251 |        251 |                                               torch.utils.data.datapipes.dataframe.dataframe_wrapper
import time:       328 |        578 |                                             torch.utils.data.datapipes.dataframe.structures
import time:       661 |       4143 |                                           torch.utils.data.datapipes.dataframe.dataframes
import time:       450 |        450 |                                           torch.utils.data.datapipes.dataframe.datapipes
import time:       248 |       4840 |                                         torch.utils.data.datapipes.dataframe
import time:       375 |        375 |                                                 torch.utils.data._utils.collate
import time:       251 |        251 |                                                 torch.utils.data._utils.fetch
import time:       198 |        198 |                                                 torch.utils.data._utils.pin_memory
import time:       130 |        130 |                                                 torch.utils.data._utils.signal_handling
import time:      1614 |       1614 |                                                 torch.utils.data._utils.worker
import time:       299 |       2865 |                                               torch.utils.data._utils
import time:        18 |       2883 |                                             torch.utils.data._utils.collate
import time:       577 |       3459 |                                           torch.utils.data.datapipes.iter.callable
import time:       367 |        367 |                                             torch.utils.data.sampler
import time:       341 |        707 |                                           torch.utils.data.datapipes.iter.combinatorics
import time:       722 |        722 |                                           torch.utils.data.datapipes.iter.combining
import time:       198 |        198 |                                             torch.utils.data.datapipes.iter.utils
import time:       278 |        476 |                                           torch.utils.data.datapipes.iter.filelister
import time:       193 |        193 |                                           torch.utils.data.datapipes.iter.fileopener
import time:       309 |        309 |                                           torch.utils.data.datapipes.iter.grouping
import time:       297 |        297 |                                             torch.utils.data.datapipes.utils.decoder
import time:       140 |        436 |                                           torch.utils.data.datapipes.iter.routeddecoder
import time:       387 |        387 |                                           torch.utils.data.datapipes.iter.selecting
import time:       322 |        322 |                                           torch.utils.data.datapipes.iter.sharding
import time:       135 |        135 |                                           torch.utils.data.datapipes.iter.streamreader
import time:       370 |       7513 |                                         torch.utils.data.datapipes.iter
import time:       310 |        310 |                                           torch.utils.data.datapipes.map.callable
import time:       272 |        272 |                                           torch.utils.data.datapipes.map.combinatorics
import time:       351 |        351 |                                           torch.utils.data.datapipes.map.combining
import time:       455 |        455 |                                           torch.utils.data.datapipes.map.grouping
import time:       208 |        208 |                                           torch.utils.data.datapipes.map.utils
import time:       242 |       1836 |                                         torch.utils.data.datapipes.map
import time:       129 |      14316 |                                       torch.utils.data.datapipes
import time:        32 |      14348 |                                     torch.utils.data.datapipes.iter
import time:        17 |      14364 |                                   torch.utils.data.datapipes.iter.sharding
import time:       159 |        159 |                                   torch.utils.data.graph
import time:       254 |      14776 |                                 torch.utils.data.graph_settings
import time:       569 |      30098 |                               torch.utils.data.dataloader
import time:       242 |        242 |                               torch.utils.data.distributed
import time:       123 |      30462 |                             torch.utils.data
import time:       137 |        137 |                             torch.utils.deterministic
import time:       301 |        301 |                             torch.utils.hooks
import time:       316 |        316 |                             torch.utils.backend_registration
import time:       211 |        211 |                             torch.utils.cpp_backtrace
import time:       219 |        219 |                             torch.utils.throughput_benchmark
import time:       361 |      32980 |                           torch.utils
import time:       127 |        127 |                           torchgen
import time:       370 |        370 |                               torchgen.code_template
import time:       559 |        928 |                             torchgen.utils
import time:     12113 |      13040 |                           torchgen.model
import time:       886 |      47032 |                         torch.utils._python_dispatch
import time:       887 |      48831 |                       torch.nn.modules.module
import time:       482 |        482 |                               torch.distributed.autograd
import time:       398 |        398 |                                 torch.futures
import time:       242 |        242 |                                 torch.distributed.rpc._utils
import time:       241 |        241 |                                 torch.distributed.rpc.constants
import time:       905 |        905 |                                 torch.distributed.rpc.internal
import time:       815 |       2599 |                               torch.distributed.rpc.api
import time:       499 |        499 |                               torch.distributed.rpc.backend_registry
import time:       246 |        246 |                               torch.distributed.rpc.functions
import time:       284 |        284 |                               torch.distributed.rpc.options
import time:       108 |        108 |                                                   torch._functorch
import time:       369 |        369 |                                                       torch.utils._contextlib
import time:       276 |        645 |                                                     torch.autograd.grad_mode
import time:       400 |       1044 |                                                   torch.autograd.forward_ad
import time:       443 |       1594 |                                                 torch._functorch.pyfunctorch
import time:       743 |       2336 |                                               torch._ops
import time:       588 |        588 |                                               torch._library.utils
import time:       856 |       3779 |                                             torch._library.autograd
import time:       326 |        326 |                                             torch._library.fake_impl
import time:       182 |        182 |                                               torch._library.effects
import time:       263 |        445 |                                             torch._library.simple_registry
import time:       372 |        372 |                                             torch._library.fake_class_registry
import time:        97 |         97 |                                               torch.utils._exposed_in
import time:       472 |        472 |                                               torch._library.custom_ops
import time:       678 |        678 |                                                 torch._library.opaque_object
import time:       508 |       1185 |                                               torch._library.infer_schema
import time:       305 |       2057 |                                             torch._library.triton
import time:       252 |       7229 |                                           torch._library
import time:        16 |       7245 |                                         torch._library.opaque_object
import time:      3419 |      10663 |                                       torch.utils._pytree
import time:       262 |      10924 |                                     torch._vmap_internals
import time:       573 |        573 |                                     torch.autograd.functional
import time:       204 |        204 |                                       torch.autograd.variable
import time:       657 |        861 |                                     torch.autograd.graph
import time:       265 |        265 |                                     torch.autograd.anomaly_mode
import time:       187 |        187 |                                           torch._functorch.utils
import time:       373 |        373 |                                             torch._functorch.predispatch
import time:       291 |        664 |                                           torch._functorch.vmap
import time:       254 |       1103 |                                         torch._functorch.apis
import time:       607 |       1710 |                                       torch._functorch.autograd_function
import time:       522 |       2231 |                                     torch.autograd.function
import time:       220 |        220 |                                         torch.testing._utils
import time:      1345 |       1345 |                                           cmath
import time:       682 |       2026 |                                         torch.testing._comparison
import time:       277 |        277 |                                         torch.testing._creation
import time:       320 |       2842 |                                       torch.testing
import time:       642 |       3483 |                                     torch.autograd.gradcheck
import time:       858 |        858 |                                       torch.autograd.profiler_util
import time:       926 |       1783 |                                     torch.autograd.profiler
import time:      1124 |      21241 |                                   torch.autograd
import time:       442 |      21682 |                                 torch.autograd.profiler_legacy
import time:       251 |      21933 |                               torch.distributed.rpc.server_process_global_profiler
import time:      1045 |      27085 |                             torch.distributed.rpc
import time:       728 |        728 |                                         pickletools
import time:       260 |        260 |                                         torch.package._digraph
import time:       105 |        105 |                                         torch.package._importlib
import time:       175 |        175 |                                         torch.package._mangling
import time:       273 |        273 |                                           torch.package.importer
import time:       242 |        514 |                                         torch.package._package_pickler
import time:        93 |         93 |                                         torch.package._stdlib
import time:       271 |        271 |                                         torch.package.find_file_dependencies
import time:       186 |        186 |                                         torch.package.glob_group
import time:      1055 |       3385 |                                       torch.package.package_exporter
import time:       237 |       3621 |                                     torch.package.analyze.find_first_use_of_broken_modules
import time:       242 |        242 |                                     torch.package.analyze.trace_dependencies
import time:       345 |       4206 |                                   torch.package.analyze
import time:       110 |       4316 |                                 torch.package.analyze.is_from_package
import time:       208 |        208 |                                 torch.package.file_structure_representation
import time:       139 |        139 |                                   torch.package._directory_reader
import time:       121 |        121 |                                   torch.package._package_unpickler
import time:       469 |        728 |                                 torch.package.package_importer
import time:       198 |       5449 |                               torch.package
import time:        14 |       5462 |                             torch.package._mangling
import time:       160 |        160 |                             torch._awaits
import time:      1007 |      33712 |                           torch._jit_internal
import time:      1450 |       1450 |                           torch._torch_docs
import time:       265 |        265 |                           torch.nn._reduction
import time:       361 |        361 |                             torch.nn.modules.utils
import time:       330 |        691 |                           torch.nn.grad
import time:      3631 |      39747 |                         torch.nn.functional
import time:       436 |        436 |                         torch.nn.init
import time:       308 |        308 |                         torch.nn.modules.lazy
import time:       559 |      41047 |                       torch.nn.modules.linear
import time:       583 |        583 |                       torch.nn.modules.activation
import time:       699 |        699 |                         torch.nn.modules.container
import time:       297 |        995 |                       torch.nn.modules.adaptive
import time:       251 |        251 |                         torch.nn.modules._functions
import time:       493 |        744 |                       torch.nn.modules.batchnorm
import time:       221 |        221 |                       torch.nn.modules.channelshuffle
import time:       485 |        485 |                         torch.nn.common_types
import time:       737 |       1222 |                       torch.nn.modules.conv
import time:       262 |        262 |                       torch.nn.modules.distance
import time:       178 |        178 |                       torch.nn.modules.dropout
import time:       274 |        274 |                       torch.nn.modules.flatten
import time:       598 |        598 |                       torch.nn.modules.fold
import time:       322 |        322 |                       torch.nn.modules.instancenorm
import time:       555 |        555 |                       torch.nn.modules.loss
import time:       324 |        324 |                       torch.nn.modules.normalization
import time:       550 |        550 |                       torch.nn.modules.padding
import time:       144 |        144 |                       torch.nn.modules.pixelshuffle
import time:       636 |        636 |                       torch.nn.modules.pooling
import time:       271 |        271 |                                 torch.__future__
import time:       321 |        592 |                               torch.nn.utils.parametrize
import time:       577 |       1168 |                             torch.nn.utils.parametrizations
import time:       484 |        484 |                             torch.nn.utils.rnn
import time:       259 |        259 |                               torch.nn.utils._named_member_accessor
import time:       281 |        539 |                             torch.nn.utils.stateless
import time:       215 |        215 |                               torch.utils._foreach_utils
import time:       183 |        397 |                             torch.nn.utils.clip_grad
import time:       166 |        166 |                             torch.nn.utils.convert_parameters
import time:       139 |        139 |                             torch.nn.utils.fusion
import time:       174 |        174 |                             torch.nn.utils.init
import time:      1004 |       1004 |                             torch.nn.utils.memory_format
import time:       307 |        307 |                             torch.nn.utils.spectral_norm
import time:       305 |        305 |                             torch.nn.utils.weight_norm
import time:       253 |       4931 |                           torch.nn.utils
import time:        14 |       4945 |                         torch.nn.utils.rnn
import time:      2094 |       7039 |                       torch.nn.modules.rnn
import time:       314 |        314 |                       torch.nn.modules.sparse
import time:       401 |        401 |                       torch.nn.modules.transformer
import time:       367 |        367 |                       torch.nn.modules.upsampling
import time:       578 |     106175 |                     torch.nn.modules
import time:       212 |        212 |                           torch.backends.cpu
import time:       435 |        435 |                           torch.backends.cuda
import time:       220 |        220 |                             torch.backends.cudnn.rnn
import time:       336 |        556 |                           torch.backends.cudnn
import time:       277 |        277 |                           torch.backends.cusparselt
import time:       174 |        174 |                           torch.backends.kleidiai
import time:        94 |         94 |                           torch.backends.mha
import time:       114 |        114 |                           torch.backends.miopen
import time:       105 |        105 |                           torch.backends.mkl
import time:       146 |        146 |                           torch.backends.mkldnn
import time:       707 |        707 |                             torch.library
import time:       209 |        916 |                           torch.backends.mps
import time:       145 |        145 |                           torch.backends.nnpack
import time:       100 |        100 |                           torch.backends.openmp
import time:        52 |         52 |                             opt_einsum
import time:       415 |        466 |                           torch.backends.opt_einsum
import time:       355 |        355 |                           torch.backends.python_native
import time:       189 |        189 |                           torch.backends.quantized
import time:       654 |       4931 |                         torch.backends
import time:        13 |       4944 |                       torch.backends.cuda
import time:       387 |        387 |                       torch.nn.attention._registry
import time:       562 |        562 |                       torch.nn.attention._fa3
import time:       444 |        444 |                       torch.nn.attention._fa4
import time:       342 |       6677 |                     torch.nn.attention
import time:       213 |        213 |                         torch.nn.parallel.parallel_apply
import time:       239 |        239 |                             torch.cuda.nccl
import time:       234 |        472 |                           torch.nn.parallel.comm
import time:       370 |        841 |                         torch.nn.parallel.replicate
import time:       311 |        311 |                           torch.nn.parallel._functions
import time:       284 |        594 |                         torch.nn.parallel.scatter_gather
import time:       416 |       2064 |                       torch.nn.parallel.data_parallel
import time:       515 |        515 |                             torch.distributed.algorithms.join
import time:       255 |        770 |                           torch.distributed.algorithms
import time:        12 |        781 |                         torch.distributed.algorithms.join
import time:       445 |        445 |                         torch.distributed.utils
import time:      3207 |       4432 |                       torch.nn.parallel.distributed
import time:       180 |       6674 |                     torch.nn.parallel
import time:       364 |     120556 |                   torch.nn
import time:        13 |     120568 |                 torch.nn.functional
import time:       129 |        129 |                   torch._linalg_utils
import time:       262 |        390 |                 torch._lowrank
import time:      2252 |     123209 |               torch.functional
import time:       409 |        409 |               torch.__config__
import time:       319 |        319 |                 torch.accelerator._utils
import time:       184 |        184 |                 torch.accelerator.graphs
import time:       237 |        237 |                 torch.accelerator.memory
import time:       349 |       1088 |               torch.accelerator
import time:       314 |        314 |                   torch.cpu.amp.autocast_mode
import time:       196 |        196 |                   torch.cpu.amp.grad_scaler
import time:       569 |       1078 |                 torch.cpu.amp
import time:       286 |       1364 |               torch.cpu
import time:       576 |        576 |                   torch.distributions.constraints
import time:       515 |        515 |                     torch.distributions.utils
import time:       502 |       1017 |                   torch.distributions.distribution
import time:       867 |       2459 |                 torch.distributions.transforms
import time:       219 |        219 |                   torch.distributions.exp_family
import time:       165 |        383 |                 torch.distributions.bernoulli
import time:       184 |        184 |                   torch.distributions.dirichlet
import time:       147 |        330 |                 torch.distributions.beta
import time:       225 |        225 |                 torch.distributions.binomial
import time:       233 |        233 |                 torch.distributions.categorical
import time:       254 |        254 |                 torch.distributions.cauchy
import time:       132 |        132 |                   torch.distributions.gamma
import time:       181 |        312 |                 torch.distributions.chi2
import time:       246 |        246 |                 torch.distributions.constraint_registry
import time:       263 |        263 |                 torch.distributions.continuous_bernoulli
import time:       127 |        127 |                 torch.distributions.exponential
import time:       122 |        122 |                 torch.distributions.fishersnedecor
import time:       231 |        231 |                 torch.distributions.generalized_pareto
import time:       134 |        134 |                 torch.distributions.geometric
import time:       244 |        244 |                     torch.distributions.independent
import time:       143 |        386 |                   torch.distributions.transformed_distribution
import time:       134 |        134 |                   torch.distributions.uniform
import time:       258 |        777 |                 torch.distributions.gumbel
import time:       255 |        255 |                 torch.distributions.half_cauchy
import time:       721 |        721 |                   torch.distributions.normal
import time:       231 |        951 |                 torch.distributions.half_normal
import time:       145 |        145 |                 torch.distributions.inverse_gamma
import time:       134 |        134 |                   torch.distributions.laplace
import time:       210 |        210 |                     torch.distributions.multivariate_normal
import time:       257 |        467 |                   torch.distributions.lowrank_multivariate_normal
import time:       466 |        466 |                   torch.distributions.one_hot_categorical
import time:       325 |        325 |                   torch.distributions.pareto
import time:       112 |        112 |                   torch.distributions.poisson
import time:       570 |       2071 |                 torch.distributions.kl
import time:       210 |        210 |                 torch.distributions.kumaraswamy
import time:       126 |        126 |                 torch.distributions.lkj_cholesky
import time:       201 |        201 |                 torch.distributions.log_normal
import time:       211 |        211 |                 torch.distributions.logistic_normal
import time:       826 |        826 |                 torch.distributions.mixture_same_family
import time:       217 |        217 |                 torch.distributions.multinomial
import time:       149 |        149 |                 torch.distributions.negative_binomial
import time:       394 |        394 |                 torch.distributions.relaxed_bernoulli
import time:       140 |        140 |                 torch.distributions.relaxed_categorical
import time:       125 |        125 |                 torch.distributions.studentT
import time:       196 |        196 |                       torch.jit._builtins
import time:      1226 |       1421 |                     torch.jit._async
import time:       114 |        114 |                     torch.jit._await
import time:        94 |         94 |                     torch.jit._decomposition_utils
import time:       197 |        197 |                         torch._classes
import time:       116 |        116 |                         torch.jit._fuser
import time:        53 |         53 |                           monkeytype
import time:       246 |        299 |                         torch.jit._monkeytype_config
import time:       129 |        129 |                           torch.jit._check
import time:       231 |        231 |                           torch.jit._state
import time:       362 |        362 |                             torch.jit.annotations
import time:       227 |        227 |                             torch.jit._dataclass_impls
import time:       668 |       1256 |                           torch.jit.frontend
import time:       519 |       2134 |                         torch.jit._recursive
import time:       325 |        325 |                         torch.jit._serialization
import time:       951 |       4020 |                       torch.jit._script
import time:       107 |       4127 |                     torch.jit._freeze
import time:       167 |        167 |                     torch.jit._ir_utils
import time:       794 |        794 |                     torch.jit._trace
import time:       373 |       7087 |                   torch.jit
import time:       399 |       7486 |                 torch.distributions.von_mises
import time:       305 |        305 |                 torch.distributions.weibull
import time:       410 |        410 |                 torch.distributions.wishart
import time:       420 |      20726 |               torch.distributions
import time:       433 |        433 |               torch.fft
import time:       442 |        442 |               torch.hub
import time:       425 |        425 |               torch.linalg
import time:       283 |        283 |                 torch.mps.profiler
import time:       180 |        180 |                 torch.mps.event
import time:       280 |        742 |               torch.mps
import time:       161 |        161 |                 torch._environment
import time:       133 |        133 |                 torch.mtia._utils
import time:        99 |         99 |                 torch.mtia.memory
import time:       225 |        225 |                 torch.mtia.mtia_graph
import time:       445 |       1060 |               torch.mtia
import time:       517 |        517 |                   multiprocessing.util
import time:       325 |        325 |                   multiprocessing.resource_sharer
import time:       347 |       1188 |                 torch.multiprocessing.reductions
import time:      1393 |       1393 |                     _multiprocessing
import time:        64 |         64 |                     _winapi
import time:       550 |       2007 |                   multiprocessing.connection
import time:       247 |       2253 |                 torch.multiprocessing.spawn
import time:       103 |        103 |                     runpy
import time:       300 |        403 |                   multiprocessing.spawn
import time:      1748 |       1748 |                   _posixshmem
import time:       394 |       2544 |                 multiprocessing.resource_tracker
import time:       262 |       6247 |               torch.multiprocessing
import time:       167 |        167 |                   torch.nested._internal
import time:       138 |        138 |                             torch.fx._compatibility
import time:       341 |        478 |                           torch.fx.immutable_collections
import time:       106 |        106 |                                 torch.fx.experimental
import time:       959 |        959 |                                 torch.fx.experimental._config
import time:       341 |        341 |                                   torch.utils._dtype_abbrs
import time:       482 |        482 |                                     torch.return_types
import time:       172 |        653 |                                   torch.fx._pytree
import time:       202 |        202 |                                       torch.utils._inspect
import time:       569 |        770 |                                     torch.fx.operator_schemas
import time:      4092 |       4862 |                                   torch.fx.node
import time:      2306 |       8161 |                                 torch.fx.graph
import time:       664 |       9889 |                               torch.fx.graph_module
import time:       341 |      10229 |                             torch.fx._lazy_graph_module
import time:       564 |        564 |                               torch.fx.traceback
import time:       401 |        401 |                                     pkgutil
import time:       128 |        128 |                                     torch._logging.structured
import time:      1607 |       1607 |                                       unittest.mock
import time:       332 |        332 |                                       torch.utils._ordered_set
import time:       255 |        255 |                                       torch.utils._traceback
import time:       467 |        467 |                                       torch.utils.weak
import time:      4313 |       6972 |                                     torch._guards
import time:      1316 |       8815 |                                   torch._logging._internal
import time:       317 |       9132 |                                 torch._logging._registrations
import time:       252 |       9383 |                               torch._logging
import time:      1085 |      11031 |                             torch.fx.proxy
import time:      1080 |      22339 |                           torch.fx._symbolic_trace
import time:       243 |        243 |                             torch.fx.config
import time:       530 |        773 |                           torch.fx.interpreter
import time:       737 |        737 |                           torch.fx.subgraph_rewriter
import time:       400 |      24725 |                         torch.fx
import time:        15 |      24739 |                       torch.fx.experimental
import time:       308 |      25047 |                     torch.fx.experimental._constant_symnode
import time:       308 |      25354 |                   torch.nested._internal.nested_int
import time:       728 |      26249 |                 torch.nested._internal.nested_tensor
import time:       427 |      26675 |               torch.nested
import time:       560 |        560 |                   torch.optim.optimizer
import time:      1118 |       1678 |                 torch.optim.lr_scheduler
import time:       380 |        380 |                 torch.optim.swa_utils
import time:       376 |        376 |                 torch.optim._adafactor
import time:       367 |        367 |                 torch.optim._muon
import time:       406 |        406 |                 torch.optim.adadelta
import time:       377 |        377 |                 torch.optim.adagrad
import time:       371 |        371 |                 torch.optim.adam
import time:       679 |        679 |                 torch.optim.adamax
import time:       302 |        302 |                 torch.optim.adamw
import time:       314 |        314 |                 torch.optim.asgd
import time:       338 |        338 |                 torch.optim.lbfgs
import time:       362 |        362 |                 torch.optim.nadam
import time:       500 |        500 |                 torch.optim.radam
import time:       252 |        252 |                 torch.optim.rmsprop
import time:       399 |        399 |                 torch.optim.rprop
import time:      1968 |       1968 |                 torch.optim.sgd
import time:       244 |        244 |                   torch.optim._functional
import time:       295 |        538 |                 torch.optim.sparse_adam
import time:       445 |      10046 |               torch.optim
import time:       605 |        605 |                   gzip
import time:      1113 |       1113 |                     torch.profiler._utils
import time:      1832 |       2945 |                   torch.profiler._memory_profiler
import time:       530 |       4079 |                 torch.profiler.profiler
import time:       170 |        170 |                 torch.profiler.itt
import time:       288 |       4536 |               torch.profiler
import time:       242 |        242 |               torch.special
import time:       147 |        147 |                 torch.xpu._utils
import time:       375 |        375 |                 torch.xpu.graphs
import time:       263 |        263 |                 torch.xpu.streams
import time:       403 |        403 |                 torch.xpu.memory
import time:       250 |        250 |                 torch.xpu.random
import time:       290 |       1726 |               torch.xpu
import time:       342 |        342 |                   torch.signal.windows.windows
import time:       150 |        492 |                 torch.signal.windows
import time:       116 |        607 |               torch.signal
import time:       121 |        121 |               torch.ao
import time:       135 |        135 |                   torch.ao.nn
import time:       386 |        386 |                     torch.ao.nn.intrinsic.modules.fused
import time:       129 |        514 |                   torch.ao.nn.intrinsic.modules
import time:       150 |        799 |                 torch.ao.nn.intrinsic
import time:       130 |        130 |                   torch.nn.intrinsic.modules.fused
import time:       166 |        295 |                 torch.nn.intrinsic.modules
import time:       431 |        431 |                                 torch.ao.nn.qat.modules.conv
import time:       250 |        250 |                                 torch.ao.nn.qat.modules.embedding_ops
import time:       233 |        233 |                                 torch.ao.nn.qat.modules.linear
import time:       132 |       1044 |                               torch.ao.nn.qat.modules
import time:        92 |       1136 |                             torch.ao.nn.qat
import time:       639 |       1774 |                           torch.ao.nn.intrinsic.qat.modules.conv_fused
import time:       248 |        248 |                           torch.ao.nn.intrinsic.qat.modules.linear_fused
import time:       119 |        119 |                           torch.ao.nn.intrinsic.qat.modules.linear_relu
import time:       133 |       2273 |                         torch.ao.nn.intrinsic.qat.modules
import time:        99 |       2371 |                       torch.ao.nn.intrinsic.qat
import time:       159 |       2530 |                     torch.nn.intrinsic.qat.modules.conv_fused
import time:        90 |         90 |                     torch.nn.intrinsic.qat.modules.linear_fused
import time:        84 |         84 |                     torch.nn.intrinsic.qat.modules.linear_relu
import time:       152 |       2854 |                   torch.nn.intrinsic.qat.modules
import time:        96 |       2949 |                 torch.nn.intrinsic.qat
import time:       328 |        328 |                                             torch.ao.nn.quantizable.modules.activation
import time:       331 |        331 |                                             torch.ao.nn.quantizable.modules.rnn
import time:       136 |        795 |                                           torch.ao.nn.quantizable.modules
import time:        93 |        887 |                                         torch.ao.nn.quantizable
import time:       383 |        383 |                                         torch.ao.nn.quantized.modules.activation
import time:       257 |        257 |                                         torch.ao.nn.quantized.modules.batchnorm
import time:       319 |        319 |                                           torch.ao.nn.quantized.modules.utils
import time:       593 |        911 |                                         torch.ao.nn.quantized.modules.conv
import time:       144 |        144 |                                         torch.ao.nn.quantized.modules.dropout
import time:       349 |        349 |                                         torch.ao.nn.quantized.modules.embedding_ops
import time:       276 |        276 |                                         torch.ao.nn.quantized.modules.functional_modules
import time:       245 |        245 |                                         torch.ao.nn.quantized.modules.linear
import time:       455 |        455 |                                         torch.ao.nn.quantized.modules.normalization
import time:       173 |        173 |                                         torch.ao.nn.quantized.modules.rnn
import time:       312 |       4387 |                                       torch.ao.nn.quantized.modules
import time:        11 |       4397 |                                     torch.ao.nn.quantized.modules.utils
import time:       345 |       4742 |                                   torch.ao.nn.quantized.functional
import time:       137 |       4879 |                                 torch.ao.nn.quantized
import time:       477 |       5356 |                               torch.ao.nn.intrinsic.quantized.modules.bn_relu
import time:       251 |        251 |                               torch.ao.nn.intrinsic.quantized.modules.conv_add
import time:       402 |        402 |                               torch.ao.nn.intrinsic.quantized.modules.conv_relu
import time:       270 |        270 |                               torch.ao.nn.intrinsic.quantized.modules.linear_relu
import time:       156 |       6432 |                             torch.ao.nn.intrinsic.quantized.modules
import time:       117 |       6548 |                           torch.ao.nn.intrinsic.quantized
import time:       399 |        399 |                                   torch.ao.nn.quantized.dynamic.modules.conv
import time:       274 |        274 |                                   torch.ao.nn.quantized.dynamic.modules.linear
import time:       573 |        573 |                                   torch.ao.nn.quantized.dynamic.modules.rnn
import time:       193 |       1438 |                                 torch.ao.nn.quantized.dynamic.modules
import time:       905 |       2343 |                               torch.ao.nn.quantized.dynamic
import time:       289 |       2631 |                             torch.ao.nn.intrinsic.quantized.dynamic.modules.linear_relu
import time:       254 |       2885 |                           torch.ao.nn.intrinsic.quantized.dynamic.modules
import time:       668 |      10100 |                         torch.ao.nn.intrinsic.quantized.dynamic
import time:       164 |      10263 |                       torch.nn.intrinsic.quantized.dynamic.modules.linear_relu
import time:       162 |      10425 |                     torch.nn.intrinsic.quantized.dynamic.modules
import time:       202 |      10627 |                   torch.nn.intrinsic.quantized.dynamic
import time:       136 |        136 |                     torch.nn.intrinsic.quantized.modules.bn_relu
import time:        96 |         96 |                     torch.nn.intrinsic.quantized.modules.conv_relu
import time:        96 |         96 |                     torch.nn.intrinsic.quantized.modules.linear_relu
import time:       141 |        467 |                   torch.nn.intrinsic.quantized.modules
import time:       112 |      11205 |                 torch.nn.intrinsic.quantized
import time:       162 |      15408 |               torch.nn.intrinsic
import time:       783 |        783 |                               torch.ao.nn.qat.dynamic.modules.linear
import time:       216 |        999 |                             torch.ao.nn.qat.dynamic.modules
import time:       181 |       1179 |                           torch.ao.nn.qat.dynamic
import time:        12 |       1191 |                         torch.ao.nn.qat.dynamic.modules
import time:        11 |       1201 |                       torch.ao.nn.qat.dynamic.modules.linear
import time:       124 |       1325 |                     torch.nn.qat.dynamic.modules.linear
import time:       135 |       1459 |                   torch.nn.qat.dynamic.modules
import time:       203 |       1662 |                 torch.nn.qat.dynamic
import time:       117 |        117 |                   torch.nn.qat.modules.conv
import time:        76 |         76 |                   torch.nn.qat.modules.embedding_ops
import time:        76 |         76 |                   torch.nn.qat.modules.linear
import time:       131 |        398 |                 torch.nn.qat.modules
import time:       218 |       2278 |               torch.nn.qat
import time:       121 |        121 |                 torch.nn.quantizable.modules
import time:        98 |        218 |               torch.nn.quantizable
import time:       120 |        120 |                 torch.nn.quantized.dynamic
import time:        78 |         78 |                 torch.nn.quantized.functional
import time:        96 |         96 |                 torch.nn.quantized.modules
import time:       116 |        408 |               torch.nn.quantized
import time:       176 |        176 |               torch._size_docs
import time:        93 |         93 |               torch._storage_docs
import time:       713 |        713 |               torch._tensor_docs
import time:       183 |        183 |                             torch.ao.quantization.quant_type
import time:       391 |        574 |                           torch.ao.quantization.utils
import time:      2213 |       2787 |                         torch.ao.quantization.observer
import time:       401 |       3187 |                       torch.ao.quantization.fake_quantize
import time:       182 |        182 |                         torch.ao.quantization.fuser_method_mappings
import time:       333 |        514 |                       torch.ao.quantization.fuse_modules
import time:       476 |        476 |                       torch.ao.quantization.qconfig
import time:       204 |        204 |                       torch.ao.quantization.qconfig_mapping
import time:       280 |        280 |                               torch.ao.nn.quantized.reference.modules.utils
import time:       433 |        713 |                             torch.ao.nn.quantized.reference.modules.conv
import time:       152 |        152 |                             torch.ao.nn.quantized.reference.modules.linear
import time:       390 |        390 |                             torch.ao.nn.quantized.reference.modules.rnn
import time:       317 |        317 |                             torch.ao.nn.quantized.reference.modules.sparse
import time:       188 |       1757 |                           torch.ao.nn.quantized.reference.modules
import time:       134 |       1891 |                         torch.ao.nn.quantized.reference
import time:       507 |        507 |                                 torch.ao.nn.sparse.quantized.linear
import time:       237 |        237 |                                 torch.ao.nn.sparse.quantized.utils
import time:       197 |        939 |                               torch.ao.nn.sparse.quantized.dynamic.linear
import time:       148 |       1087 |                             torch.ao.nn.sparse.quantized.dynamic
import time:       145 |       1232 |                           torch.ao.nn.sparse.quantized
import time:       113 |       1344 |                         torch.ao.nn.sparse
import time:       189 |        189 |                         torch.ao.quantization.stubs
import time:       516 |       3938 |                       torch.ao.quantization.quantization_mappings
import time:       397 |        397 |                       torch.ao.quantization.quantize
import time:       299 |        299 |                       torch.ao.quantization.quantize_jit
import time:       363 |       9375 |                     torch.ao.quantization
import time:        14 |       9388 |                   torch.ao.quantization.fake_quantize
import time:       142 |       9530 |                 torch.quantization.fake_quantize
import time:       121 |        121 |                 torch.quantization.fuse_modules
import time:        97 |         97 |                 torch.quantization.fuser_method_mappings
import time:       105 |        105 |                 torch.quantization.observer
import time:        95 |         95 |                 torch.quantization.qconfig
import time:        79 |         79 |                 torch.quantization.quant_type
import time:        91 |         91 |                 torch.quantization.quantization_mappings
import time:        84 |         84 |                 torch.quantization.quantize
import time:        81 |         81 |                 torch.quantization.quantize_jit
import time:        89 |         89 |                 torch.quantization.stubs
import time:       160 |      10527 |               torch.quantization
import time:       141 |        141 |               torch.quasirandom
import time:        97 |         97 |               torch.multiprocessing._atfork
import time:       425 |        425 |               torch._lobpcg
import time:       117 |        117 |                   torch.masked._docs
import time:       219 |        219 |                         torch.masked.maskedtensor.core
import time:      1815 |       2034 |                       torch.masked.maskedtensor.binary
import time:       446 |        446 |                       torch.masked.maskedtensor.passthrough
import time:        94 |         94 |                         torch.masked.maskedtensor.creation
import time:       843 |        936 |                       torch.masked.maskedtensor.reductions
import time:      1684 |       1684 |                       torch.masked.maskedtensor.unary
import time:       127 |       5225 |                     torch.masked.maskedtensor
import time:        13 |       5237 |                   torch.masked.maskedtensor.core
import time:       543 |       5895 |                 torch.masked._ops
import time:       133 |       6028 |               torch.masked
import time:       282 |        282 |               torch.utils.dlpack
import time:        85 |         85 |                             torch._dispatch
import time:       356 |        441 |                           torch._dispatch.python
import time:      1114 |       1114 |                                 torch._library.fake_profile
import time:       234 |        234 |                                   torch.utils._mode_utils
import time:      4090 |       4324 |                                 torch._subclasses.meta_utils
import time:       256 |        256 |                                 torch.utils._stats
import time:      1072 |       1072 |                                   torch.fx.experimental.sym_node
import time:      1591 |       2662 |                                 torch._subclasses._fake_tensor_utils
import time:       263 |        263 |                                   torch._custom_op
import time:      2784 |       3047 |                                 torch._subclasses.fake_impls
import time:      4560 |      15959 |                               torch._subclasses.fake_tensor
import time:       356 |        356 |                               torch._subclasses.fake_utils
import time:       132 |      16447 |                             torch._subclasses
import time:        12 |      16458 |                           torch._subclasses.meta_utils
import time:       421 |      17319 |                         torch.fx.passes.shape_prop
import time:        71 |         71 |                         pydot
import time:       376 |      17765 |                       torch.fx.passes.graph_drawer
import time:       237 |        237 |                       torch.fx.passes.graph_manipulation
import time:      1541 |       1541 |                               torch.fx.passes.utils.matcher_utils
import time:       319 |       1859 |                             torch.fx.passes.utils.common
import time:       179 |       2037 |                           torch.fx.passes.utils
import time:       641 |        641 |                           torch.fx.passes.tools_common
import time:       687 |       3364 |                         torch.fx.passes.split_utils
import time:       735 |       4099 |                       torch.fx.passes.net_min_base
import time:       442 |        442 |                       torch.fx.passes.operator_support
import time:       270 |        270 |                       torch.fx.passes.param_fetch
import time:       290 |        290 |                       torch.fx.passes.regional_inductor
import time:       470 |        470 |                       torch.fx.passes.reinplace
import time:       210 |        210 |                         torch.fx._utils
import time:       786 |        786 |                           torch._subclasses.functional_tensor
import time:       339 |        339 |                           torch.utils._thunk
import time:       569 |        569 |                           torch.fx.experimental._backward_state
import time:      1568 |       3261 |                         torch.fx.experimental.proxy_tensor
import time:       263 |       3733 |                       torch.fx.passes.runtime_assert
import time:       394 |        394 |                       torch.fx.passes.split_module
import time:       843 |        843 |                       torch.fx.passes.splitter_base
import time:       217 |      28755 |                     torch.fx.passes
import time:       182 |        182 |                       torch.fx.passes.infra.pass_base
import time:       357 |        539 |                     torch.fx.passes.infra.pass_manager
import time:       132 |      29424 |                   torch.fx.passes.infra
import time:        11 |      29435 |                 torch.fx.passes.infra.pass_base
import time:       302 |        302 |                 torch.export.custom_ops
import time:       216 |        216 |                 torch.export._state_dict_utils
import time:       100 |        100 |                       torch.export._tree_utils
import time:      3902 |       3902 |                       torch.export.graph_signature
import time:       331 |        331 |                             torch._custom_op.autograd
import time:       736 |       1066 |                           torch._custom_op.impl
import time:       289 |       1355 |                         torch._custom_ops
import time:       643 |        643 |                         torch._export.utils
import time:     11256 |      11256 |                                     torch._higher_order_ops.schema
import time:     37628 |      48883 |                                   torch._higher_order_ops.utils
import time:     80800 |     129683 |                                 torch._higher_order_ops.auto_functionalize
import time:       324 |     130006 |                               torch._higher_order_ops.base_hop
import time:      1731 |     131737 |                             torch._higher_order_ops._invoke_quant
import time:      7419 |       7419 |                             torch._higher_order_ops.aoti_call_delegate
import time:       766 |        766 |                             torch._higher_order_ops.associative_scan
import time:       648 |        648 |                             torch._higher_order_ops.cond
import time:      2158 |       2158 |                               torch._higher_order_ops.invoke_leaf_function
import time:       471 |        471 |                               torch._higher_order_ops.print
import time:       222 |        222 |                                   torch._functorch._aot_autograd
import time:      1372 |       1593 |                                 torch._functorch._aot_autograd.utils
import time:       537 |       2129 |                               torch._higher_order_ops.torchbind
import time:      3156 |       7912 |                             torch._higher_order_ops.effects
import time:       809 |        809 |                             torch._higher_order_ops.executorch_call_delegate
import time:      1068 |       1068 |                             torch._higher_order_ops.flat_apply
import time:       640 |        640 |                                   torch.testing._internal
import time:       630 |       1270 |                                 torch.testing._internal.logging_tensor
import time:       915 |       2185 |                               torch.utils.checkpoint
import time:       990 |       3174 |                             torch._higher_order_ops.flex_attention
import time:       459 |        459 |                             torch._higher_order_ops.foreach_map
import time:       392 |        392 |                             torch._higher_order_ops.hints_wrap
import time:       488 |        488 |                             torch._higher_order_ops.inline_asm_elementwise
import time:       525 |        525 |                                   torch.utils._debug_mode._utils
import time:       897 |       1422 |                                 torch.utils._debug_mode._calls
import time:     50464 |      50464 |                                 torch.utils._debug_mode._mode
import time:      1705 |      53590 |                               torch.utils._debug_mode
import time:      2980 |      56569 |                             torch._higher_order_ops.invoke_subgraph
import time:       707 |        707 |                             torch._higher_order_ops.local_map
import time:       474 |        474 |                             torch._higher_order_ops.map
import time:       763 |        763 |                             torch._higher_order_ops.out_dtype
import time:       323 |        323 |                             torch._higher_order_ops.run_const_graph
import time:       365 |        365 |                               torch._higher_order_ops.partitioner
import time:       670 |       1035 |                             torch._higher_order_ops.scan
import time:       328 |        328 |                             torch._higher_order_ops.strict_mode
import time:       460 |        460 |                             torch._higher_order_ops.while_loop
import time:       548 |        548 |                             torch._higher_order_ops.wrap
import time:       363 |     216432 |                           torch._higher_order_ops
import time:        15 |     216447 |                         torch._higher_order_ops.flat_apply
import time:       468 |     218911 |                       torch._export.wrappers
import time:       522 |        522 |                       torch._export.config
import time:       530 |     223964 |                     torch._export
import time:        14 |     223977 |                   torch._export.utils
import time:       459 |     224436 |                 torch.export.decomp_utils
import time:       562 |        562 |                     torch._export.verifier
import time:      1150 |       1712 |                   torch.export.exported_program
import time:      1704 |       3415 |                 torch.export.dynamic_shapes
import time:       303 |        303 |                   torch.export._remove_effect_tokens_pass
import time:      1276 |       1578 |                 torch.export.unflatten
import time:       353 |     259732 |               torch.export
import time:       172 |        172 |                 torch._functorch.batch_norm_replacement
import time:       343 |        343 |                   torch.fx.experimental.const_fold
import time:       516 |        858 |                 torch._functorch.eager_transforms
import time:       244 |        244 |                 torch._functorch.functional_call
import time:       222 |       1495 |               torch.func
import time:       635 |        635 |               torch.distributed._meta_registrations
import time:       330 |        330 |                         torch.utils._content_store
import time:       267 |        596 |                       torch._prims.debug_prims
import time:       551 |        551 |                       torch._prims.rng_prims
import time:       629 |        629 |                       torch._prims_common.wrappers
import time:     53405 |      55180 |                     torch._prims
import time:     13062 |      68241 |                   torch._decomp.decompositions
import time:       384 |        384 |                     torch.testing._internal.common_dtype
import time:       691 |        691 |                     torch._refs._conversions
import time:      2290 |       2290 |                     torch._refs.fft
import time:       882 |        882 |                     torch._refs.linalg
import time:       252 |        252 |                       torch._refs.nn
import time:      2307 |       2559 |                     torch._refs.nn.functional
import time:      1536 |       1536 |                     torch._refs.special
import time:     17754 |      26093 |                   torch._refs
import time:       443 |      94776 |                 torch._decomp
import time:     40520 |     135296 |               torch._meta_registrations
import time:       999 |        999 |                 torch.compiler.config
import time:       370 |        370 |                   torch.utils._appending_byte_serializer
import time:       961 |       1331 |                 torch.compiler._cache
import time:       450 |       2778 |               torch.compiler
import time:       695 |        695 |                   torch._native.common_utils
import time:       835 |        835 |                     torch._native.registry
import time:       343 |       1177 |                   torch._native.dsl_registry
import time:       367 |       2239 |                 torch._native.cutedsl_utils
import time:       122 |        122 |                 torch._native.ops
import time:       130 |        130 |                 torch._native.triton_utils
import time:       272 |       2761 |               torch._native
import time:     22706 |     804221 |             torch
import time:      1050 |     805271 |           transformers.generation.logits_process
import time:      2159 |     807806 |         transformers.generation.configuration_utils
import time:      1114 |       1114 |           transformers.integrations
import time:      2931 |       2931 |             tokenizers.tokenizers
import time:       136 |        136 |                 tokenizers.decoders
import time:       120 |        120 |                 tokenizers.models
import time:       123 |        123 |                 tokenizers.normalizers
import time:       107 |        107 |                 tokenizers.pre_tokenizers
import time:       117 |        117 |                 tokenizers.processors
import time:       521 |       1122 |               tokenizers.implementations.base_tokenizer
import time:       262 |        262 |               tokenizers.implementations.bert_wordpiece
import time:       234 |        234 |               tokenizers.implementations.byte_level_bpe
import time:       806 |        806 |               tokenizers.implementations.char_level_bpe
import time:       149 |        149 |               tokenizers.implementations.sentencepiece_bpe
import time:       280 |        280 |               tokenizers.implementations.sentencepiece_unigram
import time:       214 |       3064 |             tokenizers.implementations
import time:       494 |       6488 |           tokenizers
import time:       187 |        187 |                     jmespath.compat
import time:       353 |        540 |                   jmespath.exceptions
import time:       275 |        814 |                 jmespath.lexer
import time:       255 |        255 |                 jmespath.ast
import time:       335 |        335 |                   jmespath.functions
import time:       847 |       1181 |                 jmespath.visitor
import time:       420 |       2669 |               jmespath.parser
import time:       219 |       2888 |             jmespath
import time:       373 |       3260 |           transformers.utils.chat_parsing_utils
import time:       927 |        927 |           transformers.convert_slow_tokenizer
import time:      3090 |      14876 |         transformers.modeling_gguf_pytorch_utils
import time:       465 |        465 |         transformers.modeling_rope_utils
import time:      1764 |    1854577 |       transformers.configuration_utils
import time:       179 |        179 |       sentence_transformers.backend.utils
import time:       289 |    1869748 |     sentence_transformers.backend.load
import time:       125 |        125 |     sentence_transformers.backend.optimize
import time:       284 |        284 |         sentence_transformers.util.decorators
import time:       367 |        367 |         sentence_transformers.util.distributed
import time:       250 |        250 |         sentence_transformers.util.environment
import time:       320 |        320 |         sentence_transformers.util.file_io
import time:       545 |        545 |         sentence_transformers.util.hard_negatives
import time:       272 |        272 |         sentence_transformers.util.logging
import time:       258 |        258 |         sentence_transformers.util.misc
import time:       254 |        254 |         sentence_transformers.util.quantization
import time:       252 |        252 |                 sklearn._config
import time:      1449 |       1449 |                   sklearn.__check_build._check_build
import time:       182 |       1631 |                 sklearn.__check_build
import time:       190 |        190 |                 sklearn._distributor_init
import time:       351 |        351 |                   sklearn.exceptions
import time:       126 |        126 |                           sklearn.utils._bunch
import time:      1105 |       1231 |                         sklearn.utils._metadata_requests
import time:       328 |       1558 |                       sklearn.utils.metadata_routing
import time:       367 |        367 |                               scipy.__config__
import time:        99 |         99 |                               scipy.version
import time:        16 |         16 |                                 scipy._distributor_init_local
import time:       115 |        130 |                               scipy._distributor_init
import time:       464 |        464 |                                   sysconfig
import time:        44 |         44 |                                   cython
import time:       627 |        627 |                                   _sysconfigdata__darwin_darwin
import time:       399 |        399 |                                   _osx_support
import time:      1305 |       2836 |                                 scipy._lib._testutils
import time:        93 |       2928 |                               scipy._lib
import time:      1308 |       1308 |                               scipy._lib._pep440
import time:      1337 |       1337 |                                   scipy._cyutility
import time:      3502 |       4838 |                                 scipy._lib._ccallback_c
import time:       338 |       5175 |                               scipy._lib._ccallback
import time:       334 |      10339 |                             scipy
import time:       324 |        324 |                                       numpy._typing._add_docstring
import time:       172 |        496 |                                     numpy.typing
import time:       542 |        542 |                                           scipy._lib.array_api_compat.common._typing
import time:       608 |       1149 |                                         scipy._lib.array_api_compat.common._helpers
import time:       218 |       1366 |                                       scipy._lib.array_api_compat.common
import time:       252 |       1618 |                                     scipy._lib.array_api_compat
import time:       194 |        194 |                                       scipy._lib.array_api_compat._internal
import time:       133 |        133 |                                         numpy.testing._private
import time:       104 |        104 |                                         numpy.testing.overrides
import time:       235 |        235 |                                         numpy.testing._private.extbuild
import time:       884 |        884 |                                         numpy.testing._private.utils
import time:       222 |       1576 |                                       numpy.testing
import time:       496 |        496 |                                           numpy._core.strings
import time:       220 |        220 |                                           numpy.strings
import time:       389 |       1104 |                                         numpy._core.defchararray
import time:       234 |       1337 |                                       numpy.char
import time:       400 |        400 |                                         numpy.ctypeslib._ctypeslib
import time:       197 |        597 |                                       numpy.ctypeslib
import time:       290 |        290 |                                           numpy.polynomial.polyutils
import time:       375 |        375 |                                           numpy.polynomial._polybase
import time:       604 |       1268 |                                         numpy.polynomial.chebyshev
import time:       393 |        393 |                                         numpy.polynomial.hermite
import time:       297 |        297 |                                         numpy.polynomial.hermite_e
import time:       329 |        329 |                                         numpy.polynomial.laguerre
import time:       327 |        327 |                                         numpy.polynomial.legendre
import time:       352 |        352 |                                         numpy.polynomial.polynomial
import time:       149 |       3113 |                                       numpy.polynomial
import time:      3212 |       3212 |                                         numpy.ma.core
import time:       855 |        855 |                                         numpy.ma.extras
import time:       283 |       4349 |                                       numpy.ma
import time:       266 |        266 |                                         numpy.core._utils
import time:       257 |        522 |                                       numpy.core
import time:       238 |        238 |                                       numpy.rec
import time:       266 |        266 |                                         numpy.f2py.diagnose
import time:       204 |        204 |                                           numpy.f2py._backends
import time:       175 |        175 |                                           numpy.f2py.__version__
import time:       436 |        436 |                                             numpy.f2py.cfuncs
import time:       577 |       1013 |                                           numpy.f2py.auxfuncs
import time:      1269 |       1269 |                                             numpy.f2py.cb_rules
import time:       223 |        223 |                                             numpy.f2py._isocbind
import time:       342 |        342 |                                               fileinput
import time:      1371 |       1371 |                                                     81d243bd2c585b0f4821__mypyc
import time:      1071 |       1071 |                                                     charset_normalizer.constant
import time:      1260 |       1260 |                                                       _multibytecodec
import time:       422 |       1681 |                                                     charset_normalizer.utils
import time:       512 |        512 |                                                     charset_normalizer.models
import time:      1672 |       6305 |                                                   charset_normalizer.cd
import time:      1207 |       1207 |                                                   _codecs_tw
import time:      1238 |       1238 |                                                   _codecs_hk
import time:      1381 |       1381 |                                                   _codecs_jp
import time:      1225 |       1225 |                                                   _codecs_kr
import time:      1269 |       1269 |                                                   _codecs_cn
import time:      1346 |       1346 |                                                   _codecs_iso2022
import time:     18988 |      32956 |                                                 charset_normalizer.api
import time:       211 |        211 |                                                 charset_normalizer.legacy
import time:       214 |        214 |                                                 charset_normalizer.version
import time:       263 |      33643 |                                               charset_normalizer
import time:      1389 |       1389 |                                               numpy.f2py.symbolic
import time:      5915 |      41288 |                                             numpy.f2py.crackfortran
import time:       464 |      43243 |                                           numpy.f2py.capi_maps
import time:       248 |        248 |                                             numpy.f2py.func2subr
import time:       324 |        572 |                                           numpy.f2py.f90mod_rules
import time:       279 |        279 |                                             numpy.f2py.common_rules
import time:       211 |        211 |                                             numpy.f2py.use_rules
import time:      3119 |       3609 |                                           numpy.f2py.rules
import time:       609 |      49420 |                                         numpy.f2py.f2py2e
import time:       755 |      50440 |                                       numpy.f2py
import time:       231 |        231 |                                         numpy.fft._helper
import time:      1438 |       1438 |                                           numpy.fft._pocketfft_umath
import time:       456 |       1893 |                                         numpy.fft._pocketfft
import time:       527 |       2651 |                                       numpy.fft
import time:      2472 |       2472 |                                             numpy.random._common
import time:      1566 |       4038 |                                           numpy.random.bit_generator
import time:      1438 |       5476 |                                         numpy.random._bounded_integers
import time:      1486 |       1486 |                                             numpy.random._pcg64
import time:      1958 |       3443 |                                           numpy.random._generator
import time:      1401 |       1401 |                                           numpy.random._mt19937
import time:      1680 |       1680 |                                           numpy.random._philox
import time:      1465 |       1465 |                                           numpy.random._sfc64
import time:      2173 |       2173 |                                           numpy.random.mtrand
import time:       313 |      10473 |                                         numpy.random._pickle
import time:       193 |      16141 |                                       numpy.random
import time:       648 |        648 |                                         scipy._lib.array_api_compat.common._aliases
import time:       260 |        260 |                                         scipy._lib.array_api_compat.numpy._typing
import time:       930 |       1837 |                                       scipy._lib.array_api_compat.numpy._aliases
import time:       311 |        311 |                                       scipy._lib.array_api_compat.numpy._info
import time:       514 |        514 |                                         scipy._lib.array_api_compat.common._linalg
import time:       411 |        925 |                                       scipy._lib.array_api_compat.numpy.linalg
import time:       130 |        130 |                                         scipy._lib.array_api_compat.common._fft
import time:       417 |        546 |                                       scipy._lib.array_api_compat.numpy.fft
import time:       817 |      85588 |                                     scipy._lib.array_api_compat.numpy
import time:       111 |        111 |                                           scipy._lib.array_api_extra._lib
import time:        91 |         91 |                                               scipy._lib.array_api_extra._lib._utils
import time:       112 |        112 |                                                     scipy._lib._sparse
import time:       211 |        323 |                                                   scipy._lib._array_api_override
import time:       105 |        428 |                                                 scipy._lib._array_api_compat_vendor
import time:       140 |        568 |                                               scipy._lib.array_api_extra._lib._utils._compat
import time:        90 |         90 |                                                 scipy._lib.array_api_extra._lib._utils._typing
import time:       342 |        431 |                                               scipy._lib.array_api_extra._lib._utils._helpers
import time:       382 |       1470 |                                             scipy._lib.array_api_extra._lib._at
import time:       345 |       1815 |                                           scipy._lib.array_api_extra._lib._funcs
import time:       651 |       2576 |                                         scipy._lib.array_api_extra._delegation
import time:       244 |        244 |                                         scipy._lib.array_api_extra._lib._lazy
import time:       321 |       3140 |                                       scipy._lib.array_api_extra
import time:       341 |       3480 |                                     scipy._lib.array_api_extra.testing
import time:       259 |        259 |                                           _pyrepl
import time:       296 |        554 |                                         _pyrepl.pager
import time:      1168 |       1721 |                                       pydoc
import time:      1114 |       2835 |                                     scipy._lib._docscrape
import time:       831 |      94844 |                                   scipy._lib._array_api
import time:      1296 |      96140 |                                 scipy._lib._util
import time:       428 |      96567 |                               scipy.sparse._sputils
import time:       206 |        206 |                               scipy.sparse._matrix
import time:       955 |      97726 |                             scipy.sparse._base
import time:      1860 |       1860 |                               scipy.sparse._sparsetools
import time:       548 |        548 |                                 scipy.sparse._data
import time:       327 |        327 |                                 scipy.sparse._index
import time:       622 |       1497 |                               scipy.sparse._compressed
import time:       440 |       3795 |                             scipy.sparse._csr
import time:       216 |        216 |                             scipy.sparse._csc
import time:      1978 |       1978 |                               scipy.sparse._csparsetools
import time:       411 |       2389 |                             scipy.sparse._lil
import time:       564 |        564 |                             scipy.sparse._dok
import time:       654 |        654 |                             scipy.sparse._coo
import time:       429 |        429 |                             scipy.sparse._dia
import time:       406 |        406 |                             scipy.sparse._bsr
import time:       275 |        275 |                               scipy._lib.deprecation
import time:      1386 |       1661 |                             scipy.sparse._construct
import time:       224 |        224 |                             scipy.sparse._extract
import time:       116 |        116 |                             scipy.sparse._matrix_io
import time:       156 |        156 |                             scipy.sparse.base
import time:       310 |        310 |                             scipy.sparse.bsr
import time:       204 |        204 |                             scipy.sparse.compressed
import time:      1029 |       1029 |                             scipy.sparse.construct
import time:       176 |        176 |                             scipy.sparse.coo
import time:       170 |        170 |                             scipy.sparse.csc
import time:        84 |         84 |                             scipy.sparse.csr
import time:        84 |         84 |                             scipy.sparse.data
import time:       570 |        570 |                             scipy.sparse.dia
import time:       174 |        174 |                             scipy.sparse.dok
import time:       150 |        150 |                             scipy.sparse.extract
import time:       211 |        211 |                             scipy.sparse.lil
import time:       374 |        374 |                             scipy.sparse.sparsetools
import time:       203 |        203 |                             scipy.sparse.sputils
import time:       618 |     123022 |                           scipy.sparse
import time:       291 |        291 |                                 joblib._multiprocessing_helpers
import time:       222 |        222 |                                   joblib.externals
import time:       255 |        255 |                                   joblib.externals.loky._base
import time:       403 |        403 |                                       multiprocessing.synchronize
import time:       327 |        327 |                                           multiprocessing.queues
import time:       523 |        850 |                                         concurrent.futures.process
import time:       233 |        233 |                                         joblib.externals.loky.backend.process
import time:       417 |       1499 |                                       joblib.externals.loky.backend.context
import time:       134 |       2034 |                                     joblib.externals.loky.backend
import time:        14 |       2048 |                                   joblib.externals.loky.backend.context
import time:       257 |        257 |                                     joblib.externals.loky.backend._posix_reduction
import time:      1028 |       1028 |                                       joblib.externals.cloudpickle.cloudpickle
import time:       277 |       1305 |                                     joblib.externals.cloudpickle
import time:       282 |       1842 |                                   joblib.externals.loky.backend.reduction
import time:        43 |         43 |                                       faulthandler
import time:       239 |        239 |                                       joblib.externals.loky.backend.queues
import time:        49 |         49 |                                         psutil
import time:       211 |        260 |                                       joblib.externals.loky.backend.utils
import time:       130 |        130 |                                       joblib.externals.loky.initializers
import time:        55 |         55 |                                       psutil
import time:       742 |       1465 |                                     joblib.externals.loky.process_executor
import time:       317 |       1782 |                                   joblib.externals.loky.reusable_executor
import time:       246 |        246 |                                   joblib.externals.loky.cloudpickle_wrapper
import time:       308 |       6701 |                                 joblib.externals.loky
import time:       271 |       7262 |                               joblib._cloudpickle_wrapper
import time:       450 |        450 |                                 joblib._utils
import time:       513 |        513 |                                 multiprocessing.pool
import time:       231 |        231 |                                     joblib.backports
import time:       140 |        140 |                                     joblib.disk
import time:       234 |        234 |                                       joblib.externals.loky.backend.spawn
import time:       293 |        526 |                                     joblib.externals.loky.backend.resource_tracker
import time:        47 |         47 |                                         lz4
import time:       409 |        455 |                                       joblib.compressor
import time:       194 |        194 |                                         joblib.numpy_pickle_utils
import time:       305 |        499 |                                       joblib.numpy_pickle_compat
import time:       365 |       1318 |                                     joblib.numpy_pickle
import time:       342 |       2555 |                                   joblib._memmapping_reducer
import time:       141 |       2696 |                                 joblib.executor
import time:       583 |        583 |                                 joblib.pool
import time:       560 |       4801 |                               joblib._parallel_backends
import time:       153 |        153 |                                 joblib.logger
import time:       592 |        745 |                               joblib._store_backends
import time:       181 |        181 |                               joblib.hashing
import time:       323 |        323 |                                 joblib.func_inspect
import time:       475 |        798 |                               joblib.memory
import time:       521 |        521 |                               joblib.parallel
import time:       360 |      14664 |                             joblib
import time:       193 |        193 |                                 scipy.special._sf_error
import time:      1931 |       1931 |                                   scipy.special._ufuncs_cxx
import time:      1637 |       1637 |                                   scipy.special._ellip_harm_2
import time:      2401 |       2401 |                                   scipy.special._special_ufuncs
import time:      2287 |       2287 |                                   scipy.special._gufuncs
import time:      2289 |      10544 |                                 scipy.special._ufuncs
import time:       531 |        531 |                                   scipy.special._input_validation
import time:      1853 |       1853 |                                   scipy.special._specfun
import time:      1571 |       1571 |                                   scipy.special._comb
import time:       452 |       4405 |                                 scipy.special._basic
import time:       246 |        246 |                                   scipy.special._spfun_stats
import time:     17444 |      17689 |                                 scipy.special._support_alternative_backends
import time:      1676 |       1676 |                                 scipy.special._logsumexp
import time:       479 |        479 |                                 scipy.special._multiufuncs
import time:       636 |        636 |                                 scipy.special._orthogonal
import time:       305 |        305 |                                 scipy.special._ellip_harm
import time:       186 |        186 |                                 scipy.special._lambertw
import time:       389 |        389 |                                 scipy.special._spherical_bessel
import time:       215 |        215 |                                 scipy.special.add_newdocs
import time:       246 |        246 |                                 scipy.special.basic
import time:       353 |        353 |                                 scipy.special.orthogonal
import time:       102 |        102 |                                 scipy.special.specfun
import time:        90 |         90 |                                 scipy.special.sf_error
import time:        81 |         81 |                                 scipy.special.spfun_stats
import time:       469 |      38049 |                               scipy.special
import time:       106 |        106 |                               sklearn.externals
import time:       653 |        653 |                                     sklearn.externals.array_api_compat.common._typing
import time:       438 |       1091 |                                   sklearn.externals.array_api_compat.common._helpers
import time:       342 |       1433 |                                 sklearn.externals.array_api_compat.common
import time:       155 |       1587 |                               sklearn.externals.array_api_compat
import time:       104 |        104 |                                   sklearn.externals.array_api_extra._lib
import time:       116 |        116 |                                       sklearn.externals.array_api_extra._lib._utils
import time:       100 |        100 |                                         sklearn.externals._array_api_compat_vendor
import time:       272 |        372 |                                       sklearn.externals.array_api_extra._lib._utils._compat
import time:       101 |        101 |                                         sklearn.externals.array_api_extra._lib._utils._typing
import time:       410 |        510 |                                       sklearn.externals.array_api_extra._lib._utils._helpers
import time:       449 |       1445 |                                     sklearn.externals.array_api_extra._lib._at
import time:       488 |       1933 |                                   sklearn.externals.array_api_extra._lib._funcs
import time:       197 |       2234 |                                 sklearn.externals.array_api_extra._delegation
import time:       293 |        293 |                                 sklearn.externals.array_api_extra._lib._lazy
import time:       270 |       2796 |                               sklearn.externals.array_api_extra
import time:       125 |        125 |                                   sklearn.externals.array_api_compat._internal
import time:       753 |        753 |                                   sklearn.externals.array_api_compat.common._aliases
import time:       285 |        285 |                                     sklearn.externals.array_api_compat.numpy._typing
import time:       282 |        567 |                                   sklearn.externals.array_api_compat.numpy._info
import time:      3052 |       4496 |                                 sklearn.externals.array_api_compat.numpy._aliases
import time:       598 |        598 |                                   sklearn.externals.array_api_compat.common._linalg
import time:       490 |       1087 |                                 sklearn.externals.array_api_compat.numpy.linalg
import time:       197 |        197 |                                   sklearn.externals.array_api_compat.common._fft
import time:       480 |        676 |                                 sklearn.externals.array_api_compat.numpy.fft
import time:       272 |       6530 |                               sklearn.externals.array_api_compat.numpy
import time:       116 |        116 |                               sklearn.utils._dataframe
import time:       410 |        410 |                                       scipy.sparse.linalg._interface
import time:       261 |        261 |                                       scipy.sparse.linalg._isolve.utils
import time:      2448 |       2448 |                                             scipy.linalg._fblas
import time:        33 |         33 |                                             scipy.linalg._cblas
import time:       369 |       2849 |                                           scipy.linalg.blas
import time:      2775 |       2775 |                                             scipy.linalg._flapack
import time:        27 |         27 |                                             scipy.linalg._clapack
import time:       874 |       3675 |                                           scipy.linalg.lapack
import time:      1177 |       7700 |                                         scipy.linalg._misc
import time:      3340 |       3340 |                                           scipy.linalg.cython_lapack
import time:      2423 |       5763 |                                         scipy.linalg._cythonized_array_utils
import time:      2832 |       2832 |                                           scipy.linalg._decomp
import time:      1252 |       1252 |                                           scipy.linalg._decomp_svd
import time:      1828 |       1828 |                                           scipy.linalg._solve_toeplitz
import time:      2004 |       2004 |                                           scipy.linalg._batched_linalg
import time:      2221 |      10135 |                                         scipy.linalg._basic
import time:      1691 |       1691 |                                           scipy.linalg._decomp_lu_cython
import time:       571 |       2262 |                                         scipy.linalg._decomp_lu
import time:       599 |        599 |                                         scipy.linalg._decomp_ldl
import time:       842 |        842 |                                         scipy.linalg._decomp_cholesky
import time:       871 |        871 |                                         scipy.linalg._decomp_qr
import time:       958 |        958 |                                         scipy.linalg._decomp_qz
import time:       716 |        716 |                                         scipy.linalg._decomp_schur
import time:       397 |        397 |                                         scipy.linalg._decomp_polar
import time:       443 |        443 |                                           scipy.linalg._expm_frechet
import time:      1864 |       1864 |                                           scipy.linalg._matfuncs_schur_sqrtm
import time:      2011 |       2011 |                                           scipy.linalg._matfuncs_expm
import time:      1654 |       1654 |                                           scipy.linalg._linalg_pythran
import time:      1313 |       7284 |                                         scipy.linalg._matfuncs
import time:       902 |        902 |                                         scipy.linalg._special_matrices
import time:       781 |        781 |                                         scipy.linalg._solvers
import time:       641 |        641 |                                         scipy.linalg._procrustes
import time:      2387 |       2387 |                                           scipy.linalg.cython_blas
import time:      2818 |       5205 |                                         scipy.linalg._decomp_update
import time:       597 |        597 |                                         scipy.linalg._sketches
import time:       462 |        462 |                                         scipy.linalg._decomp_cossin
import time:       126 |        126 |                                         scipy.linalg.decomp
import time:       201 |        201 |                                         scipy.linalg.decomp_cholesky
import time:       204 |        204 |                                         scipy.linalg.decomp_lu
import time:       731 |        731 |                                         scipy.linalg.decomp_qr
import time:       203 |        203 |                                         scipy.linalg.decomp_svd
import time:       112 |        112 |                                         scipy.linalg.decomp_schur
import time:       123 |        123 |                                         scipy.linalg.basic
import time:       151 |        151 |                                         scipy.linalg.misc
import time:       154 |        154 |                                         scipy.linalg.special_matrices
import time:        94 |         94 |                                         scipy.linalg.matfuncs
import time:      1002 |      49204 |                                       scipy.linalg
import time:       705 |      50578 |                                     scipy.sparse.linalg._isolve.iterative
import time:       363 |        363 |                                     scipy.sparse.linalg._isolve.minres
import time:       149 |        149 |                                       scipy.sparse.linalg._isolve._gcrotmk
import time:       295 |        443 |                                     scipy.sparse.linalg._isolve.lgmres
import time:       282 |        282 |                                     scipy.sparse.linalg._isolve.lsqr
import time:       149 |        149 |                                     scipy.sparse.linalg._isolve.lsmr
import time:       219 |        219 |                                     scipy.sparse.linalg._isolve.tfqmr
import time:       406 |      52437 |                                   scipy.sparse.linalg._isolve
import time:      2277 |       2277 |                                       scipy.sparse.linalg._dsolve._superlu
import time:        79 |         79 |                                         scikits
import time:        32 |        111 |                                       scikits.umfpack
import time:       680 |       3067 |                                     scipy.sparse.linalg._dsolve.linsolve
import time:       588 |        588 |                                     scipy.sparse.linalg._dsolve._add_newdocs
import time:       201 |       3854 |                                   scipy.sparse.linalg._dsolve
import time:      2173 |       2173 |                                         scipy.sparse.linalg._eigen.arpack._arpacklib
import time:       634 |       2806 |                                       scipy.sparse.linalg._eigen.arpack.arpack
import time:       662 |       3468 |                                     scipy.sparse.linalg._eigen.arpack
import time:       385 |        385 |                                       scipy.sparse.linalg._eigen.lobpcg.lobpcg
import time:       249 |        634 |                                     scipy.sparse.linalg._eigen.lobpcg
import time:      1987 |       1987 |                                         scipy.sparse.linalg._propack
import time:       271 |       2258 |                                       scipy.sparse.linalg._svdp
import time:      1074 |       3332 |                                     scipy.sparse.linalg._eigen._svds
import time:       224 |       7656 |                                   scipy.sparse.linalg._eigen
import time:       319 |        319 |                                       scipy.sparse.linalg._onenormest
import time:       480 |        799 |                                     scipy.sparse.linalg._expm_multiply
import time:       426 |       1224 |                                   scipy.sparse.linalg._matfuncs
import time:       195 |        195 |                                   scipy.sparse.linalg._norm
import time:       236 |        236 |                                   scipy.sparse.linalg._funm_multiply_krylov
import time:       357 |        357 |                                   scipy.sparse.linalg._special_sparse_arrays
import time:       188 |        188 |                                   scipy.sparse.linalg.isolve
import time:       153 |        153 |                                   scipy.sparse.linalg.dsolve
import time:       477 |        477 |                                   scipy.sparse.linalg.interface
import time:       241 |        241 |                                   scipy.sparse.linalg.eigen
import time:        87 |         87 |                                   scipy.sparse.linalg.matfuncs
import time:       397 |      67496 |                                 scipy.sparse.linalg
import time:       426 |        426 |                                   scipy.stats._warnings_errors
import time:      2472 |       2472 |                                         scipy.spatial._ckdtree
import time:       509 |       2981 |                                       scipy.spatial._kdtree
import time:      2284 |       2284 |                                         scipy._lib.messagestream
import time:      2447 |       4730 |                                       scipy.spatial._qhull
import time:      2250 |       2250 |                                         scipy.spatial._voronoi
import time:       298 |       2548 |                                       scipy.spatial._spherical_voronoi
import time:       211 |        211 |                                       scipy.spatial._plotutils
import time:       204 |        204 |                                       scipy.spatial._procrustes
import time:      2101 |       2101 |                                           scipy.spatial._hausdorff
import time:      2464 |       2464 |                                           scipy.spatial._distance_pybind
import time:      2958 |       2958 |                                           scipy.spatial._distance_wrap
import time:      1917 |       9438 |                                         scipy.spatial.distance
import time:       247 |       9684 |                                       scipy.spatial._geometric_slerp
import time:       234 |        234 |                                       scipy.spatial.ckdtree
import time:       131 |        131 |                                       scipy.spatial.kdtree
import time:       393 |        393 |                                       scipy.spatial.qhull
import time:      2516 |       2516 |                                           scipy.spatial.transform._rotation_cy
import time:       756 |        756 |                                           scipy.spatial.transform._rotation_xp
import time:      2963 |       2963 |                                               scipy.constants._codata
import time:       946 |        946 |                                               scipy.constants._constants
import time:       224 |        224 |                                               scipy.constants.codata
import time:       214 |        214 |                                               scipy.constants.constants
import time:       706 |       5052 |                                             scipy.constants
import time:       233 |       5284 |                                           scipy.spatial.transform._rotation_groups
import time:      5721 |      14275 |                                         scipy.spatial.transform._rotation
import time:      2202 |       2202 |                                           scipy.spatial.transform._rigid_transform_cy
import time:       381 |        381 |                                           scipy.spatial.transform._rigid_transform_xp
import time:      3597 |       6180 |                                         scipy.spatial.transform._rigid_transform
import time:       319 |        319 |                                         scipy.spatial.transform._rotation_spline
import time:       178 |        178 |                                         scipy.spatial.transform.rotation
import time:       321 |      21270 |                                       scipy.spatial.transform
import time:      1184 |      43564 |                                     scipy.spatial
import time:       385 |        385 |                                           scipy.optimize._dcsrch
import time:       474 |        859 |                                         scipy.optimize._linesearch
import time:      2285 |       2285 |                                           scipy.optimize._group_columns
import time:       522 |       2807 |                                         scipy.optimize._numdiff
import time:       354 |        354 |                                           scipy.optimize._hessian_update_strategy
import time:       477 |        830 |                                         scipy.optimize._differentiable_functions
import time:      2017 |       6512 |                                       scipy.optimize._optimize
import time:       461 |        461 |                                           scipy.optimize._trustregion
import time:       250 |        711 |                                         scipy.optimize._trustregion_dogleg
import time:       230 |        230 |                                         scipy.optimize._trustregion_ncg
import time:      2140 |       2140 |                                             scipy.optimize._trlib._trlib
import time:       184 |       2324 |                                           scipy.optimize._trlib
import time:       168 |       2491 |                                         scipy.optimize._trustregion_krylov
import time:       331 |        331 |                                         scipy.optimize._trustregion_exact
import time:       429 |        429 |                                             scipy.optimize._constraints
import time:        55 |         55 |                                                   sksparse
import time:        12 |         67 |                                                 sksparse.cholmod
import time:       204 |        271 |                                               scipy.optimize._trustregion_constr.projections
import time:       270 |        270 |                                               scipy.optimize._trustregion_constr.qp_subproblem
import time:       247 |        786 |                                             scipy.optimize._trustregion_constr.equality_constrained_sqp
import time:       274 |        274 |                                             scipy.optimize._trustregion_constr.canonical_constraint
import time:       281 |        281 |                                             scipy.optimize._trustregion_constr.tr_interior_point
import time:       217 |        217 |                                             scipy.optimize._trustregion_constr.report
import time:       433 |       2419 |                                           scipy.optimize._trustregion_constr.minimize_trustregion_constr
import time:       180 |       2599 |                                         scipy.optimize._trustregion_constr
import time:      2066 |       2066 |                                           scipy.optimize._lbfgsb
import time:       285 |       2350 |                                         scipy.optimize._lbfgsb_py
import time:      1979 |       1979 |                                           scipy.optimize._moduleTNC
import time:       292 |       2271 |                                         scipy.optimize._tnc
import time:       220 |        220 |                                         scipy.optimize._cobyla_py
import time:       182 |        182 |                                         scipy.optimize._cobyqa_py
import time:      2284 |       2284 |                                           scipy.optimize._slsqplib
import time:       291 |       2574 |                                         scipy.optimize._slsqp_py
import time:       439 |      14392 |                                       scipy.optimize._minimize
import time:      2868 |       2868 |                                           scipy.optimize._minpack
import time:       378 |        378 |                                                 scipy.optimize._lsq.common
import time:       224 |        602 |                                               scipy.optimize._lsq.trf
import time:       238 |        238 |                                               scipy.optimize._lsq.dogbox
import time:       433 |       1272 |                                             scipy.optimize._lsq.least_squares
import time:      2108 |       2108 |                                                 scipy.optimize._lsq.givens_elimination
import time:       178 |       2285 |                                               scipy.optimize._lsq.trf_linear
import time:       244 |        244 |                                               scipy.optimize._lsq.bvls
import time:       237 |       2766 |                                             scipy.optimize._lsq.lsq_linear
import time:       339 |       4376 |                                           scipy.optimize._lsq
import time:       356 |       7600 |                                         scipy.optimize._minpack_py
import time:       257 |        257 |                                         scipy.optimize._spectral
import time:      1516 |       1516 |                                         scipy.optimize._nonlin
import time:       363 |       9734 |                                       scipy.optimize._root
import time:      2155 |       2155 |                                           scipy.optimize._zeros
import time:       406 |       2560 |                                         scipy.optimize._zeros_py
import time:       311 |       2871 |                                       scipy.optimize._root_scalar
import time:       521 |        521 |                                       scipy.optimize._nnls
import time:       988 |        988 |                                       scipy.optimize._basinhopping
import time:       163 |        163 |                                             scipy.optimize._highspy
import time:      5285 |       5285 |                                             scipy.optimize._highspy._core
import time:      2348 |       2348 |                                             scipy.optimize._highspy._highs_options
import time:       413 |       8208 |                                           scipy.optimize._highspy._highs_wrapper
import time:       163 |       8370 |                                         scipy.optimize._linprog_highs
import time:        56 |         56 |                                                         uarray
import time:      2521 |       2521 |                                                             scipy._lib._uarray._uarray
import time:       779 |       3299 |                                                           scipy._lib._uarray._backend
import time:       210 |       3509 |                                                         scipy._lib._uarray
import time:       206 |       3770 |                                                       scipy._lib.uarray
import time:      5732 |       9501 |                                                     scipy.fft._basic
import time:      2581 |       2581 |                                                     scipy.fft._realtransforms
import time:       426 |        426 |                                                       scipy.fft._fftlog_backend
import time:       849 |       1274 |                                                     scipy.fft._fftlog
import time:      2627 |       2627 |                                                           scipy.fft._pocketfft.pypocketfft
import time:       484 |        484 |                                                           scipy.fft._pocketfft.helper
import time:       304 |       3414 |                                                         scipy.fft._pocketfft.basic
import time:       270 |        270 |                                                         scipy.fft._pocketfft.realtransforms
import time:       213 |       3896 |                                                       scipy.fft._pocketfft
import time:      1277 |       5173 |                                                     scipy.fft._helper
import time:       627 |        627 |                                                       scipy.fft._basic_backend
import time:       183 |        183 |                                                       scipy.fft._realtransforms_backend
import time:       736 |       1546 |                                                     scipy.fft._backend
import time:       413 |      20486 |                                                   scipy.fft
import time:      2209 |      22694 |                                                 scipy.linalg._decomp_interpolative
import time:       254 |      22948 |                                               scipy.linalg.interpolative
import time:       403 |      23351 |                                             scipy.optimize._remove_redundancy
import time:       517 |      23868 |                                           scipy.optimize._linprog_util
import time:        66 |         66 |                                           sksparse
import time:        45 |         45 |                                             scikits
import time:        10 |         54 |                                           scikits.umfpack
import time:       463 |      24450 |                                         scipy.optimize._linprog_ip
import time:       305 |        305 |                                         scipy.optimize._linprog_simplex
import time:      2371 |       2371 |                                           scipy.optimize._bglu_dense
import time:       298 |       2668 |                                         scipy.optimize._linprog_rs
import time:       404 |        404 |                                         scipy.optimize._linprog_doc
import time:       212 |      36408 |                                       scipy.optimize._linprog
import time:      2422 |       2422 |                                       scipy.optimize._lsap
import time:      2016 |       2016 |                                       scipy.optimize._differentialevolution
import time:      2699 |       2699 |                                         scipy.optimize._pava_pybind
import time:       166 |       2864 |                                       scipy.optimize._isotonic
import time:       234 |        234 |                                           scipy.optimize._shgo_lib
import time:       596 |        596 |                                           scipy.optimize._shgo_lib._vertex
import time:       447 |       1277 |                                         scipy.optimize._shgo_lib._complex
import time:      1029 |       2305 |                                       scipy.optimize._shgo
import time:       918 |        918 |                                       scipy.optimize._dual_annealing
import time:       345 |        345 |                                       scipy.optimize._qap
import time:      2264 |       2264 |                                         scipy.optimize._direct
import time:       427 |       2690 |                                       scipy.optimize._direct_py
import time:       454 |        454 |                                       scipy.optimize._milp
import time:       204 |        204 |                                       scipy.optimize.cobyla
import time:       201 |        201 |                                       scipy.optimize.lbfgsb
import time:       725 |        725 |                                       scipy.optimize.linesearch
import time:       112 |        112 |                                       scipy.optimize.minpack
import time:       102 |        102 |                                       scipy.optimize.minpack2
import time:       198 |        198 |                                       scipy.optimize.moduleTNC
import time:        95 |         95 |                                       scipy.optimize.nonlin
import time:        92 |         92 |                                       scipy.optimize.optimize
import time:        83 |         83 |                                       scipy.optimize.slsqp
import time:        80 |         80 |                                       scipy.optimize.tnc
import time:        89 |         89 |                                       scipy.optimize.zeros
import time:       984 |      88394 |                                     scipy.optimize
import time:       357 |        357 |                                         scipy._lib.doccer
import time:       245 |        245 |                                         scipy.stats._distr_params
import time:      2468 |       2468 |                                         scipy.integrate._quadrature
import time:      2481 |       2481 |                                           scipy.integrate._odepack
import time:       934 |       3415 |                                         scipy.integrate._odepack_py
import time:      2361 |       2361 |                                           scipy.integrate._quadpack
import time:      2639 |       5000 |                                         scipy.integrate._quadpack_py
import time:      2350 |       2350 |                                           scipy.integrate._vode
import time:      2302 |       2302 |                                           scipy.integrate._dop
import time:       609 |       5260 |                                         scipy.integrate._ode
import time:      2892 |       2892 |                                         scipy.integrate._bvp
import time:       272 |        272 |                                               scipy.integrate._ivp.common
import time:       270 |        270 |                                               scipy.integrate._ivp.base
import time:       264 |        804 |                                             scipy.integrate._ivp.bdf
import time:       335 |        335 |                                             scipy.integrate._ivp.radau
import time:       220 |        220 |                                               scipy.integrate._ivp.dop853_coefficients
import time:       363 |        582 |                                             scipy.integrate._ivp.rk
import time:       235 |        235 |                                             scipy.integrate._ivp.lsoda
import time:      1861 |       3815 |                                           scipy.integrate._ivp.ivp
import time:       253 |       4068 |                                         scipy.integrate._ivp
import time:       805 |        805 |                                         scipy.integrate._quad_vec
import time:       223 |        223 |                                           scipy._lib._elementwise_iterative_method
import time:      1940 |       2162 |                                         scipy.integrate._tanhsinh
import time:       341 |        341 |                                             scipy.integrate._rules._base
import time:       218 |        218 |                                             scipy.integrate._rules._genz_malik
import time:       178 |        178 |                                               scipy.integrate._rules._gauss_legendre
import time:       111 |        289 |                                             scipy.integrate._rules._gauss_kronrod
import time:       295 |       1141 |                                           scipy.integrate._rules
import time:      1598 |       2738 |                                         scipy.integrate._cubature
import time:       670 |        670 |                                         scipy.integrate._lebedev
import time:       233 |        233 |                                         scipy.integrate.dop
import time:       583 |        583 |                                         scipy.integrate.lsoda
import time:       211 |        211 |                                         scipy.integrate.vode
import time:        90 |         90 |                                         scipy.integrate.odepack
import time:       169 |        169 |                                         scipy.integrate.quadpack
import time:       108 |        108 |                                         scipy.stats._finite_differences
import time:       161 |        161 |                                         scipy.stats._constants
import time:       222 |        222 |                                         scipy.stats._censored_data
import time:      1440 |      33285 |                                       scipy.stats._distn_infrastructure
import time:      3713 |       3713 |                                                 scipy.interpolate._fitpack
import time:      2513 |       2513 |                                                 scipy.interpolate._dfitpack
import time:       837 |       7061 |                                               scipy.interpolate._fitpack_impl
import time:      2326 |       2326 |                                                 scipy.interpolate._dierckx
import time:      1881 |       4206 |                                               scipy.interpolate._bsplines
import time:      2389 |      13656 |                                             scipy.interpolate._fitpack_py
import time:       498 |        498 |                                             scipy.interpolate._polyint
import time:      2572 |       2572 |                                             scipy.interpolate._ppoly
import time:      2668 |       2668 |                                             scipy.interpolate._interpnd
import time:      1731 |      21123 |                                           scipy.interpolate._interpolate
import time:      3355 |       3355 |                                           scipy.interpolate._fitpack2
import time:       659 |        659 |                                           scipy.interpolate._rbf
import time:       105 |        105 |                                               scipy.interpolate._rbfinterp_common
import time:      2441 |       2441 |                                               scipy.interpolate._rbfinterp_pythran
import time:       234 |       2780 |                                             scipy.interpolate._rbfinterp_np
import time:       274 |        274 |                                             scipy.interpolate._rbfinterp_xp
import time:       843 |       3896 |                                           scipy.interpolate._rbfinterp
import time:      1777 |       1777 |                                           scipy.interpolate._cubic
import time:       276 |        276 |                                           scipy.interpolate._ndgriddata
import time:      1660 |       1660 |                                           scipy.interpolate._fitpack_repro
import time:       109 |        109 |                                           scipy.interpolate._pade
import time:      2496 |       2496 |                                             scipy.interpolate._rgi_cython
import time:       636 |        636 |                                             scipy.interpolate._ndbspline
import time:       936 |       4067 |                                           scipy.interpolate._rgi
import time:       385 |        385 |                                           scipy.interpolate._bary_rational
import time:       106 |        106 |                                           scipy.interpolate.fitpack
import time:       238 |        238 |                                           scipy.interpolate.fitpack2
import time:        82 |         82 |                                           scipy.interpolate.interpolate
import time:        81 |         81 |                                           scipy.interpolate.ndgriddata
import time:        81 |         81 |                                           scipy.interpolate.polyint
import time:        77 |         77 |                                           scipy.interpolate.rbf
import time:        85 |         85 |                                           scipy.interpolate.interpnd
import time:       418 |      38466 |                                         scipy.interpolate
import time:      3492 |       3492 |                                           scipy.special.cython_special
import time:      2768 |       6259 |                                         scipy.stats._stats
import time:       514 |        514 |                                         scipy.stats._tukeylambda_stats
import time:       417 |        417 |                                         scipy.stats._ksstats
import time:     27452 |      73106 |                                       scipy.stats._continuous_distns
import time:      2701 |       2701 |                                         scipy.stats._biasedurn
import time:      2360 |       2360 |                                         scipy.stats._stats_pythran
import time:      5827 |      10888 |                                       scipy.stats._discrete_distns
import time:      3202 |       3202 |                                         scipy.stats._levy_stable.levyst
import time:      1537 |       4739 |                                       scipy.stats._levy_stable
import time:       387 |        387 |                                         scipy.stats._axis_nan_policy
import time:      1691 |       2078 |                                       scipy.stats._entropy
import time:       361 |     124455 |                                     scipy.stats.distributions
import time:       267 |        267 |                                       scipy._lib._bunch
import time:      1751 |       1751 |                                       scipy.stats._stats_mstats_common
import time:      1314 |       3332 |                                     scipy.stats._mstats_basic
import time:       177 |        177 |                                       scipy.stats._common
import time:      6596 |       6772 |                                     scipy.stats._resampling
import time:       637 |        637 |                                     scipy.stats._binomtest
import time:     77812 |     344963 |                                   scipy.stats._stats_py
import time:      2199 |       2199 |                                   scipy.stats._variation
import time:      2879 |       2879 |                                     scipy.stats._ansari_swilk_statistics
import time:      5315 |       5315 |                                       scipy.stats._hypotests
import time:       536 |       5851 |                                     scipy.stats._wilcoxon
import time:      2874 |       2874 |                                     scipy.stats._fit
import time:       426 |        426 |                                       scipy.stats._relative_risk
import time:       465 |        465 |                                       scipy.stats._crosstab
import time:       253 |        253 |                                       scipy.stats._odds_ratio
import time:      1405 |       2548 |                                     scipy.stats.contingency
import time:     29638 |      43788 |                                   scipy.stats._morestats
import time:       306 |        306 |                                         scipy.sparse.csgraph._laplacian
import time:      5197 |       5197 |                                             scipy.sparse.csgraph._tools
import time:       179 |       5375 |                                           scipy.sparse.csgraph._validation
import time:      3828 |       9203 |                                         scipy.sparse.csgraph._shortest_path
import time:      3103 |       3103 |                                         scipy.sparse.csgraph._traversal
import time:      2608 |       2608 |                                         scipy.sparse.csgraph._min_spanning_tree
import time:      2589 |       2589 |                                         scipy.sparse.csgraph._flow
import time:      2583 |       2583 |                                         scipy.sparse.csgraph._matching
import time:      2641 |       2641 |                                         scipy.sparse.csgraph._reordering
import time:       440 |      23469 |                                       scipy.sparse.csgraph
import time:      2652 |       2652 |                                       scipy.stats._sobol
import time:      3029 |       3029 |                                       scipy.stats._qmc_cy
import time:      1150 |      30299 |                                     scipy.stats._qmc
import time:      2260 |      32558 |                                   scipy.stats._multicomp
import time:      5956 |       5956 |                                   scipy.stats._binned_statistic
import time:       464 |        464 |                                       scipy.stats._covariance
import time:      3086 |       3086 |                                         scipy.stats._rcont.rcont
import time:       237 |       3323 |                                       scipy.stats._rcont
import time:      2979 |       2979 |                                         scipy.stats._qmvnt_cy
import time:       471 |       3449 |                                       scipy.stats._qmvnt
import time:      5444 |      12679 |                                     scipy.stats._multivariate
import time:       498 |      13177 |                                   scipy.stats._kde
import time:       365 |        365 |                                     scipy.stats._mstats_extras
import time:       541 |        906 |                                   scipy.stats.mstats
import time:       266 |        266 |                                   scipy.stats.qmc
import time:      3425 |       3425 |                                   scipy.stats._page_trend_test
import time:      3995 |       3995 |                                   scipy.stats._mannwhitneyu
import time:      1516 |       1516 |                                   scipy.stats._bws_test
import time:      4187 |       4187 |                                   scipy.stats._sensitivity_analysis
import time:      3760 |       3760 |                                   scipy.stats._survival
import time:       365 |        365 |                                     scipy.optimize._bracket
import time:       370 |        370 |                                     scipy.optimize._chandrupatla
import time:       434 |        434 |                                     scipy.stats._probability_distribution
import time:     10035 |      11202 |                                   scipy.stats._distribution_infrastructure
import time:     12170 |      12170 |                                   scipy.stats._new_distributions
import time:       285 |        285 |                                             scipy.ndimage._ni_support
import time:      2742 |       2742 |                                             scipy.ndimage._nd_image
import time:       394 |        394 |                                             scipy.ndimage._ni_docstrings
import time:      2784 |       2784 |                                             scipy.ndimage._rank_filter_1d
import time:      1300 |       7503 |                                           scipy.ndimage._filters
import time:       283 |        283 |                                           scipy.ndimage._fourier
import time:       602 |        602 |                                           scipy.ndimage._interpolation
import time:      2717 |       2717 |                                             scipy.ndimage._ni_label
import time:       439 |        439 |                                             scipy.ndimage._morphology
import time:       365 |       3521 |                                           scipy.ndimage._measurements
import time:       229 |      12136 |                                         scipy.ndimage._ndimage_api
import time:       335 |        335 |                                         scipy.ndimage._delegators
import time:     22734 |      35205 |                                       scipy.ndimage._support_alternative_backends
import time:       388 |        388 |                                       scipy.ndimage.filters
import time:       231 |        231 |                                       scipy.ndimage.fourier
import time:       507 |        507 |                                       scipy.ndimage.interpolation
import time:       248 |        248 |                                       scipy.ndimage.measurements
import time:       207 |        207 |                                       scipy.ndimage.morphology
import time:       936 |      37718 |                                     scipy.ndimage
import time:      5469 |      43186 |                                   scipy.stats._mgc
import time:     26729 |      26729 |                                   scipy.stats._correlation
import time:     13130 |      13130 |                                   scipy.stats._quantile
import time:       523 |        523 |                                   scipy.stats.biasedurn
import time:       607 |        607 |                                   scipy.stats.kde
import time:       588 |        588 |                                   scipy.stats.morestats
import time:       616 |        616 |                                   scipy.stats.mstats_basic
import time:       314 |        314 |                                   scipy.stats.mstats_extras
import time:       628 |        628 |                                   scipy.stats.mvn
import time:       200 |        200 |                                   scipy.stats.stats
import time:       901 |     571904 |                                 scipy.stats
import time:        71 |         71 |                                 pandas
import time:       127 |        127 |                                   sklearn.externals._packaging
import time:       235 |        235 |                                   sklearn.externals._packaging._structures
import time:      1318 |       1680 |                                 sklearn.externals._packaging.version
import time:       212 |        212 |                                         ctypes.macholib
import time:       358 |        358 |                                         ctypes.macholib.framework
import time:       419 |        419 |                                         ctypes.macholib.dylib
import time:       497 |       1485 |                                       ctypes.macholib.dyld
import time:       403 |       1887 |                                     ctypes.util
import time:       893 |       2780 |                                   threadpoolctl
import time:       387 |       3167 |                                 sklearn.utils.parallel
import time:        83 |         83 |                                 pyarrow
import time:       408 |     644804 |                               sklearn.utils.fixes
import time:       451 |     694437 |                             sklearn.utils._array_api
import time:      3222 |       3222 |                               sklearn._cyutility
import time:      3278 |       6500 |                             sklearn.utils._isfinite
import time:      1975 |       1975 |                             sklearn.utils._tags
import time:       874 |     718448 |                           sklearn.utils.validation
import time:       544 |     842014 |                         sklearn.utils._param_validation
import time:       278 |     842291 |                       sklearn.utils._chunking
import time:       354 |        354 |                           sklearn.utils.deprecation
import time:      3384 |       3384 |                             sklearn.utils.sparsefuncs_fast
import time:       320 |       3704 |                           sklearn.utils.sparsefuncs
import time:       522 |       4580 |                         sklearn.utils.extmath
import time:       826 |       5405 |                       sklearn.utils._indexing
import time:       628 |        628 |                         sklearn.utils._missing
import time:       298 |        926 |                       sklearn.utils._mask
import time:       302 |        302 |                         sklearn.utils._repr_html
import time:       902 |       1204 |                       sklearn.utils._repr_html.base
import time:      1140 |       1140 |                           html.entities
import time:       672 |       1812 |                         html
import time:      1242 |       3054 |                       sklearn.utils._repr_html.estimator
import time:       275 |        275 |                       sklearn.utils.class_weight
import time:       236 |        236 |                       sklearn.utils.discovery
import time:      3141 |       3141 |                       sklearn.utils.murmurhash
import time:       275 |     858359 |                     sklearn.utils
import time:        14 |     858372 |                   sklearn.utils._metadata_requests
import time:        74 |         74 |                     sklearn.externals._numpydoc
import time:       695 |        695 |                     sklearn.externals._numpydoc.docscrape
import time:       335 |       1103 |                   sklearn.utils._repr_html.params
import time:       227 |        227 |                     sklearn.utils._available_if
import time:       463 |        690 |                   sklearn.utils._set_output
import time:       510 |     861024 |                 sklearn.base
import time:      3636 |       3636 |                   sklearn.utils._openmp_helpers
import time:       229 |       3865 |                 sklearn.utils._show_versions
import time:       267 |     867227 |               sklearn
import time:       423 |        423 |                 sklearn.metrics.cluster._bicluster
import time:      2936 |       2936 |                   sklearn.metrics.cluster._expected_mutual_info_fast
import time:       584 |        584 |                     sklearn.utils._unique
import time:       296 |        879 |                   sklearn.utils.multiclass
import time:       491 |       4305 |                 sklearn.metrics.cluster._supervised
import time:      3255 |       3255 |                         sklearn.metrics._dist_metrics
import time:      3115 |       3115 |                             sklearn.metrics._pairwise_distances_reduction._datasets_pair
import time:      3053 |       3053 |                             sklearn.utils._cython_blas
import time:      3285 |       9451 |                           sklearn.metrics._pairwise_distances_reduction._base
import time:      2991 |       2991 |                           sklearn.metrics._pairwise_distances_reduction._middle_term_computer
import time:      2732 |       2732 |                           sklearn.utils._heap
import time:      2926 |       2926 |                           sklearn.utils._sorting
import time:      3072 |      21170 |                         sklearn.metrics._pairwise_distances_reduction._argkmin
import time:      2974 |       2974 |                         sklearn.metrics._pairwise_distances_reduction._argkmin_classmode
import time:      2977 |       2977 |                           sklearn.utils._vector_sentinel
import time:      3131 |       6108 |                         sklearn.metrics._pairwise_distances_reduction._radius_neighbors
import time:      2989 |       2989 |                         sklearn.metrics._pairwise_distances_reduction._radius_neighbors_classmode
import time:       415 |      36907 |                       sklearn.metrics._pairwise_distances_reduction._dispatcher
import time:       258 |      37164 |                     sklearn.metrics._pairwise_distances_reduction
import time:      3119 |       3119 |                     sklearn.metrics._pairwise_fast
import time:       638 |        638 |                           sklearn.utils._encode
import time:       688 |       1325 |                         sklearn.preprocessing._encoders
import time:      1660 |       2985 |                       sklearn.preprocessing._data
import time:       209 |        209 |                         sklearn.utils.stats
import time:       413 |        621 |                       sklearn.preprocessing._discretization
import time:       248 |        248 |                         sklearn.utils.metaestimators
import time:       344 |        591 |                       sklearn.preprocessing._function_transformer
import time:       615 |        615 |                       sklearn.preprocessing._label
import time:      3170 |       3170 |                         sklearn.preprocessing._csr_polynomial_expansion
import time:       537 |       3707 |                       sklearn.preprocessing._polynomial
import time:      3345 |       3345 |                         sklearn.preprocessing._target_encoder_fast
import time:       435 |       3780 |                       sklearn.preprocessing._target_encoder
import time:       332 |      12628 |                     sklearn.preprocessing
import time:       617 |      53527 |                   sklearn.metrics.pairwise
import time:       321 |      53848 |                 sklearn.metrics.cluster._unsupervised
import time:       397 |      58970 |               sklearn.metrics.cluster
import time:      1051 |       1051 |               sklearn.metrics._classification
import time:       231 |        231 |                 sklearn.metrics._plot
import time:       302 |        302 |                 sklearn.utils._optional_dependencies
import time:       216 |        216 |                   sklearn.utils._response
import time:       341 |        557 |                 sklearn.utils._plotting
import time:       426 |       1514 |               sklearn.metrics._plot.confusion_matrix
import time:       297 |        297 |                   sklearn.metrics._base
import time:       735 |       1032 |                 sklearn.metrics._ranking
import time:       697 |       1729 |               sklearn.metrics._plot.det_curve
import time:       763 |        763 |               sklearn.metrics._plot.precision_recall_curve
import time:      1210 |       1210 |               sklearn.metrics._plot.regression
import time:       477 |        477 |               sklearn.metrics._plot.roc_curve
import time:       615 |        615 |               sklearn.metrics._regression
import time:      2816 |       2816 |               sklearn.metrics._scorer
import time:       415 |     936782 |             sklearn.metrics
import time:       351 |        351 |             sentence_transformers.util.tensor
import time:       398 |     937530 |           sentence_transformers.util.similarity
import time:       304 |     937834 |         sentence_transformers.util.retrieval
import time:       184 |     940564 |       sentence_transformers.util
import time:       232 |     940795 |     sentence_transformers.backend.quantize
import time:       272 |    2810939 |   sentence_transformers.backend
import time:       823 |        823 |       sentence_transformers.base.data_collator
import time:       750 |        750 |         huggingface_hub.serialization._base
import time:       823 |        823 |         huggingface_hub.serialization._torch
import time:      3903 |       3903 |           safetensors._safetensors_rust
import time:       290 |       4193 |         safetensors
import time:       661 |        661 |         safetensors.torch
import time:       747 |        747 |         transformers.initialization
import time:      3609 |       3609 |               transformers.utils.quantization_config
import time:       557 |        557 |               transformers.integrations.deepspeed
import time:       212 |        212 |               transformers.integrations.fsdp
import time:       764 |       5141 |             transformers.integrations.accelerate
import time:       193 |        193 |               transformers.distributed
import time:      1363 |       1556 |             transformers.integrations.tensor_parallel
import time:      1056 |       1056 |             transformers.utils.loading_report
import time:       895 |       8646 |           transformers.core_model_loading
import time:      1085 |       9730 |         transformers.conversion_mapping
import time:       441 |        441 |           transformers.modeling_flash_attention_utils
import time:       322 |        322 |           transformers.integrations.npu_flash_attention
import time:       447 |       1209 |         transformers.integrations.flash_attention
import time:        48 |         48 |         kernels
import time:        67 |         67 |                   opentelemetry
import time:       175 |        175 |                       opentelemetry.environment_variables
import time:       412 |        412 |                           opentelemetry.context.context
import time:        91 |         91 |                             opentelemetry.util
import time:       280 |        280 |                               importlib_metadata._meta
import time:       280 |        280 |                               importlib_metadata._collections
import time:       159 |        159 |                               importlib_metadata._compat
import time:       276 |        276 |                               importlib_metadata._functools
import time:       372 |        372 |                               importlib_metadata._itertools
import time:       121 |        121 |                               importlib_metadata._typing
import time:       112 |        112 |                               importlib_metadata.compat
import time:       169 |        169 |                               importlib_metadata.compat.py39
import time:       137 |        137 |                               importlib_metadata.compat.py311
import time:      1533 |       3434 |                             importlib_metadata
import time:       345 |       3869 |                           opentelemetry.util._importlib_metadata
import time:       247 |        247 |                                 zipp._functools
import time:       181 |        181 |                                   zipp.compat
import time:       228 |        409 |                                 zipp.compat.py310
import time:       186 |        186 |                                   zipp.compat.py313
import time:       130 |        316 |                                 zipp.glob
import time:       521 |       1492 |                               zipp
import time:         9 |       1500 |                             zipp.compat
import time:       150 |       1650 |                           zipp.compat.overlay
import time:      8284 |      14213 |                         opentelemetry.context
import time:       395 |        395 |                           opentelemetry.util.types
import time:       246 |        641 |                         opentelemetry.metrics._internal.observation
import time:      1625 |      16478 |                       opentelemetry.metrics._internal.instrument
import time:       320 |        320 |                       opentelemetry.util._once
import time:       338 |        338 |                       opentelemetry.util._providers
import time:      1183 |      18492 |                     opentelemetry.metrics._internal
import time:       268 |      18760 |                   opentelemetry.metrics
import time:       441 |        441 |                     opentelemetry.attributes
import time:       208 |        208 |                         opentelemetry.trace.status
import time:       997 |       1205 |                       opentelemetry.trace.span
import time:       224 |       1428 |                     opentelemetry.trace.propagation
import time:       221 |        221 |                     opentelemetry.util._decorator
import time:       764 |       2852 |                   opentelemetry.trace
import time:      1419 |      23097 |                 transformers.utils.metrics
import time:      1680 |       1680 |                   transformers.generation.continuous_batching.requests
import time:       557 |       2236 |                 transformers.generation.continuous_batching.cache_manager
import time:       567 |      25899 |               transformers.generation.continuous_batching.cache
import time:       288 |        288 |                 tqdm.contrib.logging
import time:       350 |        350 |                 transformers.generation.continuous_batching.cb_logits_processors
import time:       465 |        465 |                   transformers.generation.continuous_batching.utils
import time:       700 |       1164 |                 transformers.generation.continuous_batching.input_outputs
import time:       347 |        347 |                   transformers.generation.continuous_batching.scheduler
import time:       250 |        597 |                 transformers.generation.continuous_batching.offloading_manager
import time:       831 |       3227 |               transformers.generation.continuous_batching.continuous_api
import time:       230 |      29356 |             transformers.generation.continuous_batching
import time:        15 |      29371 |           transformers.generation.continuous_batching.cache
import time:       287 |      29657 |         transformers.integrations.eager_paged
import time:       415 |        415 |           transformers.activations
import time:    240761 |     240761 |                     transformers.models
import time:      2219 |     242980 |                   transformers.models.auto
import time:       668 |        668 |                   transformers.models.auto.auto_mappings
import time:       740 |     244386 |                 transformers.models.auto.configuration_auto
import time:       261 |        261 |                   transformers.quantizers.quantizers_utils
import time:       236 |        497 |                 transformers.quantizers.base
import time:       223 |        223 |                 transformers.quantizers.quantizer_aqlm
import time:       101 |        101 |                 transformers.quantizers.quantizer_auto_round
import time:       105 |        105 |                 transformers.quantizers.quantizer_awq
import time:   1312180 |    1312180 |                 transformers.quantizers.quantizer_bitnet
import time:   1565190 |    1565190 |                 transformers.quantizers.quantizer_bnb_4bit
import time:   1730993 |    1730993 |                 transformers.quantizers.quantizer_bnb_8bit
import time:      1325 |       1325 |                 transformers.quantizers.quantizer_compressed_tensors
import time:       906 |        906 |                 transformers.quantizers.quantizer_eetq
import time:      1018 |       1018 |                 transformers.quantizers.quantizer_fbgemm_fp8
import time:   1719269 |    1719269 |                 transformers.quantizers.quantizer_finegrained_fp8
import time:      1340 |       1340 |                 transformers.quantizers.quantizer_fouroversix
import time:      2350 |       2350 |                 transformers.quantizers.quantizer_fp_quant
import time:      1631 |       1631 |                 transformers.quantizers.quantizer_gptq
import time:      2582 |       2582 |                 transformers.quantizers.quantizer_higgs
import time:      5448 |       5448 |                 transformers.quantizers.quantizer_hqq
import time:       367 |        367 |                 transformers.quantizers.quantizer_metal
import time:       655 |        655 |                 transformers.quantizers.quantizer_mxfp4
import time:       311 |        311 |                 transformers.quantizers.quantizer_quanto
import time:       287 |        287 |                 transformers.quantizers.quantizer_quark
import time:       295 |        295 |                 transformers.quantizers.quantizer_sinq
import time:       412 |        412 |                 transformers.quantizers.quantizer_spqr
